{
  "results": [
    {
      "command": "./gradlew executeScreenshotTests -Precord",
      "mean": 44.65185421422,
      "stddev": 1.782708234523964,
      "median": 44.55268867154,
      "user": 0.7854222799999998,
      "system": 0.09431553999999999,
      "min": 40.93025356754,
      "max": 50.01893210954,
      "times": [
        47.57785481754,
        43.01842765054,
        45.203683776540004,
        44.58423727554,
        44.04430115154,
        45.74335985954,
        43.959679609540004,
        45.573645942540004,
        48.59875740054,
        46.06288094254,
        42.49794498454,
        45.13960727654,
        45.55308210954,
        40.93025356754,
        44.07343081754,
        44.81386160854,
        45.34224602554,
        43.30677231754,
        42.57567040054,
        43.78604056754,
        44.66299381754,
        44.36523269254,
        44.76546840154,
        43.29994490054,
        42.49256148454,
        41.65891177554,
        46.54608510954,
        43.75787381754,
        44.79662348454,
        45.68494544254,
        44.29140685854,
        43.01285735854,
        44.33458881754,
        44.77425681754,
        50.01893210954,
        42.166872526540004,
        43.11475031754,
        46.07232265154,
        44.23803840054,
        45.71685852554,
        43.301989942540004,
        46.10416415054,
        45.81826690054,
        44.12885348454,
        47.69050927654,
        42.60073535854,
        42.89248427554,
        44.52114006754,
        47.53960023354,
        45.83770360954
      ],
      "exit_codes": [
        0,
        0,
        0,
        0,
        0,
        0,
        0,
        0,
        0,
        0,
        0,
        0,
        0,
        0,
        0,
        0,
        0,
        0,
        0,
        0,
        0,
        0,
        0,
        0,
        0,
        0,
        0,
        0,
        0,
        0,
        0,
        0,
        0,
        0,
        0,
        0,
        0,
        0,
        0,
        0,
        0,
        0,
        0,
        0,
        0,
        0,
        0,
        0,
        0,
        0
      ]
    }
  ]
}
