{
  "results": [
    {
      "command": "./gradlew runDropshotScreenshotRecording -Pdropshots.record",
      "mean": 66.15050764327998,
      "stddev": 3.77576059215355,
      "median": 65.06425506218,
      "user": 0.76450744,
      "system": 0.09070184,
      "min": 62.32200920768,
      "max": 84.34683591667999,
      "times": [
        84.34683591667999,
        72.71675404167999,
        68.02637600068,
        67.46398670868,
        68.93564141668,
        72.05018745868,
        69.91423074968,
        66.61893395868,
        65.82177520868,
        73.42383312468,
        64.87531724968,
        70.60563570868,
        66.19844320768,
        63.07155070768,
        63.82209399968,
        63.15127512468,
        63.081059708679994,
        65.32634133367999,
        66.61242920768,
        63.078487333679995,
        70.69255749967999,
        63.218046791679996,
        65.01793137567999,
        64.68869683368,
        65.82185891668,
        68.31580795868,
        65.02383949968,
        64.18394016668,
        64.08171120867999,
        62.93865174968,
        62.92130358268,
        65.10467062468,
        64.87499095768,
        65.44905004168,
        64.16547679167999,
        68.02269329168,
        67.36587908268,
        63.62265279168,
        64.88994683268,
        64.33416691667999,
        62.504699208679995,
        65.60210545868,
        64.06165654168,
        62.32200920768,
        63.00576070868,
        63.84192137468,
        65.52825883368,
        64.00414208267999,
        66.22734979168,
        66.55241787468
      ],
      "exit_codes": [
        0,
        0,
        0,
        0,
        0,
        0,
        0,
        0,
        0,
        0,
        0,
        0,
        0,
        0,
        0,
        0,
        0,
        0,
        0,
        0,
        0,
        0,
        0,
        0,
        0,
        0,
        0,
        0,
        0,
        0,
        0,
        0,
        0,
        0,
        0,
        0,
        0,
        0,
        0,
        0,
        0,
        0,
        0,
        0,
        0,
        0,
        0,
        0,
        0,
        0
      ]
    }
  ]
}
