{
  "results": [
    {
      "command": "./gradlew recordPaparazziDebug",
      "mean": 18.011162674399998,
      "stddev": 0.8300842011827627,
      "median": 17.81432167928,
      "user": 0.7155922199999999,
      "system": 0.06843309999999998,
      "min": 16.37653778378,
      "max": 20.687844408780002,
      "times": [
        19.29181299178,
        18.18833145078,
        20.578314533780002,
        17.72301844978,
        18.04615507578,
        18.81152224178,
        17.871719574780002,
        18.10313132478,
        17.23472274178,
        17.99706028378,
        17.51227399178,
        17.24710770078,
        17.37683749178,
        16.85972974178,
        18.05590761678,
        18.117817491780002,
        17.63308428378,
        17.86620090878,
        19.64262361678,
        19.893811783780002,
        17.815696616780002,
        18.60127890878,
        17.76649611678,
        18.45857153378,
        18.39065436678,
        17.50940678278,
        17.67818740878,
        18.048527949780002,
        18.44581095078,
        17.51515290878,
        17.81294674178,
        18.03836049178,
        17.55810982578,
        18.00007886678,
        17.45639678378,
        18.28442644978,
        17.75287969978,
        17.27457582578,
        17.70809232578,
        17.36298440878,
        17.31029936678,
        17.518393866780002,
        17.31526824178,
        17.86995594978,
        16.37653778378,
        17.76784074178,
        17.67053349178,
        20.687844408780002,
        17.75940707478,
        18.75223453378
      ],
      "exit_codes": [
        0,
        0,
        0,
        0,
        0,
        0,
        0,
        0,
        0,
        0,
        0,
        0,
        0,
        0,
        0,
        0,
        0,
        0,
        0,
        0,
        0,
        0,
        0,
        0,
        0,
        0,
        0,
        0,
        0,
        0,
        0,
        0,
        0,
        0,
        0,
        0,
        0,
        0,
        0,
        0,
        0,
        0,
        0,
        0,
        0,
        0,
        0,
        0,
        0,
        0
      ]
    }
  ]
}
