{
  "results": [
    {
      "command": "./gradlew runTestifyScreenshotRecording",
      "mean": 111.93349878663997,
      "stddev": 213.8381936568491,
      "median": 58.993932225500004,
      "user": 0.9026617399999999,
      "system": 0.11607474000000001,
      "min": 44.198214392500006,
      "max": 1114.6297786424998,
      "times": [
        93.3462155595,
        65.12059443449999,
        59.023745142500005,
        62.3842088505,
        51.4117937675,
        62.828120267500005,
        62.5402379765,
        57.071630017500006,
        67.2190600595,
        50.166067850500006,
        63.462021808500005,
        58.9641193085,
        52.159461308500006,
        59.0550110175,
        57.104742892500006,
        415.1261053925,
        168.90435601750002,
        61.4626072255,
        49.9743210585,
        60.501061267500006,
        61.8892065175,
        49.2407113095,
        56.2317064765,
        58.1915019755,
        61.722718517500006,
        50.103510767500005,
        52.564245267500006,
        68.17179330949999,
        60.2449098095,
        57.1902433925,
        51.066088933500005,
        50.298313517500006,
        55.9077295175,
        50.8297066835,
        55.9870393515,
        63.381120725500004,
        50.1067268505,
        49.4738113095,
        60.9997046005,
        55.9773768095,
        59.52509522650001,
        55.166571058500004,
        56.480967267500006,
        44.198214392500006,
        68.8637678515,
        61.009041225500006,
        57.592449434500004,
        167.8764819755,
        1113.9289253924999,
        1114.6297786424998
      ],
      "exit_codes": [
        0,
        0,
        0,
        0,
        0,
        0,
        0,
        0,
        0,
        0,
        0,
        0,
        0,
        0,
        0,
        0,
        1,
        0,
        0,
        0,
        0,
        0,
        0,
        0,
        0,
        0,
        0,
        0,
        0,
        0,
        0,
        0,
        0,
        0,
        0,
        0,
        0,
        0,
        0,
        0,
        0,
        0,
        0,
        0,
        0,
        0,
        0,
        0,
        0,
        0
      ]
    }
  ]
}
