{
  "results": [
    {
      "command": "./gradlew recordRoborazziDebug",
      "mean": 25.457509810879998,
      "stddev": 0.7737433610720209,
      "median": 25.37283088204,
      "user": 0.7800368799999999,
      "system": 0.07824658000000001,
      "min": 24.48987917304,
      "max": 29.71540567304,
      "times": [
        29.71540567304,
        25.32720842404,
        25.09868171504,
        24.72501359004,
        26.37520821504,
        24.55243309004,
        25.61552288204,
        24.91653754804,
        25.26146796504,
        25.30882454904,
        25.60912246504,
        24.48987917304,
        26.00747888204,
        24.650999465039998,
        25.42623350704,
        24.82344446504,
        25.11135884004,
        24.71802904904,
        25.07161404804,
        25.10496384004,
        26.22891504904,
        24.84815904804,
        25.58552021504,
        25.08489384004,
        26.60703875704,
        26.14256171504,
        25.93196004804,
        25.44121796504,
        25.74130963204,
        25.11223350704,
        25.67093184004,
        25.15342892304,
        25.41845334004,
        25.10326604804,
        26.04503454804,
        25.42797225704,
        25.60204929804,
        25.23288596504,
        25.20451671504,
        25.52687888204,
        25.67691234004,
        25.06841042304,
        25.67400779804,
        25.46074884004,
        25.53267854804,
        24.76869254804,
        25.67050167404,
        24.983697715039998,
        25.77325154804,
        25.24793413104
      ],
      "exit_codes": [
        0,
        0,
        0,
        0,
        0,
        0,
        0,
        0,
        0,
        0,
        0,
        0,
        0,
        0,
        0,
        0,
        0,
        0,
        0,
        0,
        0,
        0,
        0,
        0,
        0,
        0,
        0,
        0,
        0,
        0,
        0,
        0,
        0,
        0,
        0,
        0,
        0,
        0,
        0,
        0,
        0,
        0,
        0,
        0,
        0,
        0,
        0,
        0,
        0,
        0
      ]
    }
  ]
}
