{
  "results": [
    {
      "command": "./gradlew runDropshotScreenshotRecording -Pdropshots.record",
      "mean": 60.43659801924001,
      "stddev": 2.0973688499297136,
      "median": 59.97082535582,
      "user": 0.7630200600000002,
      "system": 0.08918596,
      "min": 56.64589768882,
      "max": 68.23115927282,
      "times": [
        68.23115927282,
        64.01987002282,
        58.78131639782,
        61.488577313819995,
        63.27719131382,
        61.64619806482,
        60.19026860582,
        62.86445248082,
        59.249586522819996,
        57.66443723082,
        59.64735973082,
        58.87337843882,
        60.64241402282,
        60.36772956382,
        58.81010693882,
        63.346848647819996,
        59.89213873082,
        58.85391210582,
        60.04951198082,
        58.11114452282,
        62.365987480819996,
        58.02492835582,
        59.36727827282,
        58.64122423082,
        61.17448493882,
        58.91643893982,
        63.08742477282,
        61.82316698082,
        58.75691810582,
        59.034920147819996,
        58.19325010582,
        59.55140502282,
        60.28009410582,
        62.02571293982,
        59.86697685582,
        58.87167014682,
        60.87640835582,
        62.25498764682,
        56.64589768882,
        59.61793693982,
        60.73736498082,
        59.09665889782,
        60.81834273082,
        60.48722014682,
        59.66725814782,
        58.393530980819996,
        59.84036289782,
        62.15210823082,
        64.97946668982,
        60.272873314819996
      ],
      "exit_codes": [
        0,
        0,
        0,
        0,
        0,
        0,
        0,
        0,
        0,
        0,
        0,
        0,
        0,
        0,
        0,
        0,
        0,
        0,
        0,
        0,
        0,
        0,
        0,
        0,
        0,
        0,
        0,
        0,
        0,
        0,
        0,
        0,
        0,
        0,
        0,
        0,
        0,
        0,
        0,
        0,
        0,
        0,
        0,
        0,
        0,
        0,
        0,
        0,
        0,
        0
      ]
    }
  ]
}
