{
  "results": [
    {
      "command": "./gradlew runDropshotScreenshotRecording -Pdropshots.record",
      "mean": 52.14205070250001,
      "stddev": 1.6488077575547209,
      "median": 51.90093630504,
      "user": 0.7469101199999999,
      "system": 0.07266258000000002,
      "min": 49.49850132554,
      "max": 56.51907857554,
      "times": [
        56.51907857554,
        54.51129490954,
        53.580877075539995,
        54.850485326539996,
        53.193840075539995,
        52.42204303354,
        52.612509284539996,
        50.52840786754,
        52.51300911754,
        50.16723320054,
        50.413068534539995,
        53.16888632554,
        49.92625349254,
        50.333049575539995,
        51.62143995054,
        51.689576034539996,
        51.88906486754,
        55.51813570054,
        51.91280774254,
        49.49850132554,
        49.58951520054,
        51.108932700539995,
        51.42694649254,
        50.917487992539996,
        51.40727936754,
        54.589890950539996,
        51.38331845154,
        53.50318753354,
        51.63823703454,
        54.92160020054,
        50.095101992539995,
        54.288305951539996,
        51.477780534539995,
        53.234170117539996,
        53.079761367539994,
        52.337061033539996,
        50.761006325539995,
        51.179888367539995,
        49.57030728354,
        51.48519974254,
        51.59788674254,
        52.95638924254,
        51.979245451539995,
        52.39107590954,
        54.08053986754,
        53.39097815954,
        50.31523161754,
        50.67693953454,
        52.349106867539994,
        52.50060107554
      ],
      "exit_codes": [
        0,
        0,
        0,
        0,
        0,
        0,
        0,
        0,
        0,
        0,
        0,
        0,
        0,
        0,
        0,
        0,
        0,
        0,
        0,
        0,
        0,
        0,
        0,
        0,
        0,
        0,
        0,
        0,
        0,
        0,
        0,
        0,
        0,
        0,
        0,
        0,
        0,
        0,
        0,
        0,
        0,
        0,
        0,
        0,
        0,
        0,
        0,
        0,
        0,
        0
      ]
    }
  ]
}
