{
  "results": [
    {
      "command": "./gradlew :lazycolumnscreen:roborazzi:recordRoborazziDebug",
      "mean": 10.420082930760005,
      "stddev": 1.3007216356994442,
      "median": 10.147246536980001,
      "user": 0.74837822,
      "system": 0.06842307999999998,
      "min": 9.640976869980001,
      "max": 18.94521303598,
      "times": [
        18.94521303598,
        11.81060799498,
        10.706286285980001,
        10.97083245298,
        10.76620857898,
        10.53400857798,
        10.40873816198,
        10.42418166198,
        9.932071953980001,
        10.11404566098,
        10.101860911980001,
        10.46285120398,
        10.09972807898,
        9.970518910980001,
        10.11069557898,
        9.86679832798,
        9.72532553698,
        11.49187553598,
        9.848490869980001,
        10.34576253598,
        10.48922386998,
        10.709544452980001,
        9.73028403598,
        10.23238649498,
        9.98159299498,
        10.154946286980001,
        10.31802695298,
        10.33320336998,
        9.74299186998,
        10.09006778698,
        9.66343186998,
        10.251835077980001,
        10.13954678698,
        10.523944244980001,
        9.91023120298,
        10.08882461998,
        9.92157091098,
        10.36966586998,
        10.00141386998,
        10.112415244980001,
        9.640976869980001,
        10.08632053698,
        9.962479160980001,
        10.63987066198,
        10.33748157798,
        10.64111736998,
        9.87747053598,
        10.30384649498,
        9.92465870298,
        10.18867495398
      ],
      "exit_codes": [
        0,
        0,
        0,
        0,
        0,
        0,
        0,
        0,
        0,
        0,
        0,
        0,
        0,
        0,
        0,
        0,
        0,
        0,
        0,
        0,
        0,
        0,
        0,
        0,
        0,
        0,
        0,
        0,
        0,
        0,
        0,
        0,
        0,
        0,
        0,
        0,
        0,
        0,
        0,
        0,
        0,
        0,
        0,
        0,
        0,
        0,
        0,
        0,
        0,
        0
      ]
    }
  ]
}
