{
  "results": [
    {
      "command": "./gradlew recordPaparazziDebug",
      "mean": 15.876728354180003,
      "stddev": 0.49316282157866514,
      "median": 15.776039585860001,
      "user": 0.7488916400000004,
      "system": 0.06705468000000002,
      "min": 14.91962208586,
      "max": 17.15651725186,
      "times": [
        16.933460460859997,
        17.15651725186,
        16.72507796086,
        16.88475533586,
        16.46702175186,
        15.72144796086,
        15.55143416886,
        16.06139179386,
        15.36327071086,
        15.50769229386,
        15.90772121086,
        16.01780171086,
        15.77511458586,
        16.655864877859997,
        15.54275129386,
        15.18439633586,
        14.91962208586,
        15.54089862786,
        16.02003996086,
        15.50321046086,
        15.73024975286,
        15.37244587786,
        16.088379460859997,
        16.02153775286,
        15.52053025286,
        16.09860025286,
        15.57957375286,
        15.611789210860001,
        15.659912293860001,
        15.65563716986,
        15.77696458586,
        15.76190779386,
        15.809396918860001,
        16.16037516886,
        15.52612146086,
        15.053605710860001,
        15.21347600286,
        16.22538871086,
        15.48148383586,
        16.20487504386,
        15.637888418860001,
        16.55308333586,
        15.83318508586,
        15.60299983586,
        16.55556825286,
        16.05895116886,
        16.457697335859997,
        15.870198460860001,
        15.47426375286,
        15.80084021086
      ],
      "exit_codes": [
        0,
        0,
        0,
        0,
        0,
        0,
        0,
        0,
        0,
        0,
        0,
        0,
        0,
        0,
        0,
        0,
        0,
        0,
        0,
        0,
        0,
        0,
        0,
        0,
        0,
        0,
        0,
        0,
        0,
        0,
        0,
        0,
        0,
        0,
        0,
        0,
        0,
        0,
        0,
        0,
        0,
        0,
        0,
        0,
        0,
        0,
        0,
        0,
        0,
        0
      ]
    }
  ]
}
