{
  "results": [
    {
      "command": "./gradlew recordPaparazziDebug",
      "mean": 0.7953071490800001,
      "stddev": 0.03435914371651769,
      "median": 0.79194029384,
      "user": 0.6225404600000001,
      "system": 0.05139071999999999,
      "min": 0.75459389834,
      "max": 0.9557298563400001,
      "times": [
        0.76381860634,
        0.7650042313400001,
        0.80748118934,
        0.83513935634,
        0.82564310634,
        0.83676660634,
        0.8225563153400001,
        0.76591994034,
        0.80166256434,
        0.76561052334,
        0.82195044034,
        0.77140006534,
        0.82506664834,
        0.82128235634,
        0.82149685634,
        0.78434852334,
        0.79279764834,
        0.76867106434,
        0.79411802334,
        0.75743406434,
        0.80981577334,
        0.81451760634,
        0.76835698234,
        0.8064129813400001,
        0.7703845233400001,
        0.77762802334,
        0.77311685634,
        0.75459389834,
        0.79050173234,
        0.76489310734,
        0.81488752334,
        0.80569256534,
        0.80373589834,
        0.7638682733400001,
        0.80406368934,
        0.75871114834,
        0.80951856534,
        0.76372119034,
        0.82149427334,
        0.79057431434,
        0.80190739834,
        0.76554402334,
        0.7910829393400001,
        0.7564924403400001,
        0.84158485634,
        0.9557298563400001,
        0.76109744034,
        0.79084531434,
        0.76703389834,
        0.81938223134
      ],
      "exit_codes": [
        0,
        0,
        0,
        0,
        0,
        0,
        0,
        0,
        0,
        0,
        0,
        0,
        0,
        0,
        0,
        0,
        0,
        0,
        0,
        0,
        0,
        0,
        0,
        0,
        0,
        0,
        0,
        0,
        0,
        0,
        0,
        0,
        0,
        0,
        0,
        0,
        0,
        0,
        0,
        0,
        0,
        0,
        0,
        0,
        0,
        0,
        0,
        0,
        0,
        0
      ]
    }
  ]
}
