{
  "results": [
    {
      "command": "./gradlew :recyclerview:android-testify:screenshotRecord",
      "mean": 63.92042854766,
      "stddev": 58.28915110261175,
      "median": 40.0685491649,
      "user": 0.7926704799999998,
      "system": 0.10566152,
      "min": 13.7273722469,
      "max": 207.4402978729,
      "times": [
        13.7273722469,
        33.8135762889,
        46.3295922059,
        39.0019442899,
        33.510362747900004,
        41.1701676229,
        32.3237121229,
        38.3579004559,
        42.3627701639,
        44.1721232899,
        47.1214822889,
        39.113263455900004,
        38.0359317889,
        43.7396960389,
        40.6963282889,
        41.4442312059,
        43.2588091639,
        35.7423275389,
        42.4105077899,
        169.3222109979,
        205.9296985389,
        44.5672164979,
        39.2445119139,
        39.2926941649,
        37.8396506229,
        39.4536866639,
        42.9169060399,
        38.2979808729,
        40.3348979979,
        29.6508081229,
        40.1086891649,
        38.4893115399,
        30.1992065399,
        35.7281850809,
        37.7772124559,
        40.0284091649,
        35.9705864979,
        36.4189293309,
        37.3476029979,
        30.1315463729,
        49.637646496900004,
        30.6947538309,
        43.2538543309,
        133.4297364979,
        207.4402978729,
        205.7960502469,
        206.7777347479,
        207.3942549969,
        205.9153782059,
        80.2996795809
      ],
      "exit_codes": [
        0,
        0,
        0,
        0,
        0,
        0,
        0,
        0,
        0,
        0,
        0,
        0,
        0,
        0,
        0,
        0,
        0,
        0,
        0,
        0,
        0,
        0,
        0,
        0,
        0,
        0,
        0,
        0,
        0,
        0,
        0,
        0,
        0,
        0,
        0,
        0,
        0,
        0,
        0,
        0,
        0,
        0,
        0,
        0,
        0,
        0,
        0,
        0,
        0,
        0
      ]
    }
  ]
}
