{
  "results": [
    {
      "command": "./gradlew recordRoborazziDebug",
      "mean": 21.841667642399997,
      "stddev": 0.5101181962724788,
      "median": 21.81583776488,
      "user": 0.78383122,
      "system": 0.07105817999999998,
      "min": 21.00440505688,
      "max": 24.29322484788,
      "times": [
        24.29322484788,
        21.93313122288,
        21.51550205688,
        21.74477976488,
        22.13767472288,
        21.75450293188,
        22.15706534788,
        21.26237447288,
        22.40778188988,
        21.38154901488,
        21.34403022388,
        21.13115855588,
        21.83233234788,
        21.39453434788,
        22.42312905588,
        21.75553030588,
        22.366912806880002,
        21.747711764880002,
        22.63289468088,
        22.02557959888,
        22.04553530588,
        21.81570884788,
        21.990742014880002,
        21.67982822388,
        22.24657672288,
        21.53773763988,
        22.10900697388,
        21.00440505688,
        21.92863155688,
        21.40634276488,
        21.919756931880002,
        21.50487284888,
        22.42440659788,
        21.51365701488,
        21.48838105588,
        21.25303326488,
        21.92658413988,
        21.21155401488,
        21.52083163988,
        21.66628809888,
        21.81596668188,
        21.82991784888,
        21.93903701488,
        21.83830038988,
        22.32874151488,
        21.69594513988,
        22.10116697388,
        21.610248514880002,
        21.81660484888,
        21.67217251488
      ],
      "exit_codes": [
        0,
        0,
        0,
        0,
        0,
        0,
        0,
        0,
        0,
        0,
        0,
        0,
        0,
        0,
        0,
        0,
        0,
        0,
        0,
        0,
        0,
        0,
        0,
        0,
        0,
        0,
        0,
        0,
        0,
        0,
        0,
        0,
        0,
        0,
        0,
        0,
        0,
        0,
        0,
        0,
        0,
        0,
        0,
        0,
        0,
        0,
        0,
        0,
        0,
        0
      ]
    }
  ]
}
