{
  "results": [
    {
      "command": "./gradlew recordRoborazziDebug",
      "mean": 19.646466325879995,
      "stddev": 0.485522461940585,
      "median": 19.5417131679,
      "user": 0.7357743000000001,
      "system": 0.07221271999999997,
      "min": 19.157024333899997,
      "max": 22.516886042899998,
      "times": [
        19.6549461669,
        19.3137911669,
        19.628006042899997,
        19.489142917899997,
        19.814395625899998,
        19.6065462929,
        19.516430083899998,
        19.588567875899997,
        19.5058338339,
        19.4553721669,
        19.600756292899998,
        19.157024333899997,
        19.313621584899998,
        19.542260042899997,
        19.373850833899997,
        19.4517382919,
        19.885680500899998,
        19.4566510009,
        19.4235945009,
        19.489628125899998,
        19.255024000899997,
        19.541331125899998,
        19.501643959899997,
        19.653606291899997,
        19.4224361679,
        19.414045667899998,
        19.937684750899997,
        19.7124485429,
        20.534880666899998,
        19.666796834899998,
        19.542095209899998,
        19.3985512509,
        19.657919000899998,
        19.394681875899998,
        19.4356662509,
        19.631441958899998,
        19.5922309589,
        19.6106563339,
        19.7374237089,
        19.5263276259,
        19.4817335009,
        20.107891916899998,
        19.6822384179,
        19.619073167899998,
        19.235580958899998,
        22.516886042899998,
        20.090263584899997,
        19.3993911259,
        20.248288042899997,
        19.5072396669
      ],
      "exit_codes": [
        0,
        0,
        0,
        0,
        0,
        0,
        0,
        0,
        0,
        0,
        0,
        0,
        0,
        0,
        0,
        0,
        0,
        0,
        0,
        0,
        0,
        0,
        0,
        0,
        0,
        0,
        0,
        0,
        0,
        0,
        0,
        0,
        0,
        0,
        0,
        0,
        0,
        0,
        0,
        0,
        0,
        0,
        0,
        0,
        0,
        0,
        0,
        0,
        0,
        0
      ]
    }
  ]
}
