{
  "results": [
    {
      "command": "./gradlew executeScreenshotTests -Precord",
      "mean": 46.37398083997999,
      "stddev": 4.075163075563951,
      "median": 45.395300172679995,
      "user": 0.7677900399999998,
      "system": 0.09233346,
      "min": 41.82794165168,
      "max": 71.38578427668001,
      "times": [
        71.38578427668001,
        49.08844727668,
        47.85511285968,
        45.77271352668,
        47.52966473568,
        48.28129435968,
        49.78760248568,
        44.37090060968,
        48.59093877668,
        45.73244581868,
        50.065616610679996,
        47.83709606768,
        45.37230798568,
        44.523107943679996,
        45.36076244368,
        44.16417677668,
        44.41444440168,
        49.86852560968,
        47.38505115168,
        44.49574827668,
        41.82794165168,
        42.956261151679996,
        48.38299656868,
        45.828753567679996,
        46.40848627668,
        44.45301569368,
        44.42420748468,
        45.18839956868,
        47.19389177668,
        44.64686135968,
        43.96963419268,
        44.09695052668,
        47.43031273468,
        45.16913956868,
        45.39589977668,
        43.97390840168,
        46.47656156868,
        42.96909602668,
        45.57040035968,
        44.50612881768,
        44.94906840168,
        45.89667073468,
        46.50638444368,
        45.39470056868,
        44.32821635968,
        47.49177856768,
        45.33945377668,
        43.69086635968,
        44.88880860968,
        47.46250510968
      ],
      "exit_codes": [
        0,
        0,
        0,
        0,
        0,
        0,
        0,
        0,
        0,
        0,
        0,
        0,
        0,
        0,
        0,
        0,
        0,
        0,
        0,
        0,
        0,
        0,
        0,
        0,
        0,
        0,
        0,
        0,
        0,
        0,
        0,
        0,
        0,
        0,
        0,
        0,
        0,
        0,
        0,
        0,
        0,
        0,
        0,
        0,
        0,
        0,
        0,
        0,
        0,
        0
      ]
    }
  ]
}
