{
  "results": [
    {
      "command": "./gradlew executeScreenshotTests -Precord",
      "mean": 91.91090589342002,
      "stddev": 83.33392127905925,
      "median": 46.98917394052,
      "user": 0.86946358,
      "system": 0.12389054,
      "min": 41.43263233702,
      "max": 329.73078325302004,
      "times": [
        101.75611158602,
        49.74246687802,
        47.80257317002,
        243.13624008702,
        259.92225242002,
        256.08409537902,
        46.94504575302,
        46.00530179502,
        43.85103950402,
        48.05078779502,
        46.39618954502,
        45.74046092002,
        46.42054887802,
        45.47805033702,
        45.72436675402,
        177.42019133702,
        67.13458546202,
        60.54722858602,
        70.77006367002,
        268.81214083602003,
        144.78400442002,
        50.96636487902,
        47.66349762802,
        271.92656600302,
        48.49586975302,
        45.98099096102,
        45.34373133702,
        42.91012150302,
        42.92521346102,
        45.88200762902,
        43.47682108702,
        43.82617808702,
        45.42092883702,
        47.03330212802,
        44.89666329502,
        42.82364037902,
        42.41723221102,
        44.01533408702,
        44.93417375402,
        190.76599804502,
        329.73078325302004,
        272.22966383702004,
        47.17386496202,
        46.20153346202,
        41.43263233702,
        45.79104029502,
        44.718310420019996,
        47.73493662902,
        115.32300946202,
        210.98113983702
      ],
      "exit_codes": [
        0,
        0,
        0,
        0,
        0,
        0,
        0,
        0,
        0,
        0,
        0,
        0,
        0,
        0,
        0,
        0,
        0,
        0,
        0,
        0,
        0,
        0,
        0,
        0,
        0,
        0,
        0,
        0,
        0,
        0,
        0,
        0,
        0,
        0,
        0,
        0,
        0,
        0,
        0,
        0,
        0,
        0,
        0,
        0,
        0,
        0,
        0,
        0,
        1,
        1
      ]
    }
  ]
}
