{
  "results": [
    {
      "command": "./gradlew executeScreenshotTests -Precord",
      "mean": 49.39711354176,
      "stddev": 32.534764748743946,
      "median": 39.02388664602,
      "user": 0.8011171799999999,
      "system": 0.09360800000000001,
      "min": 35.08612237502,
      "max": 240.60345129202,
      "times": [
        38.31055575002,
        36.46391766702,
        38.68602612502,
        74.90449087502,
        41.20852041702,
        69.63117270802,
        128.28746429202002,
        240.60345129202,
        91.14179054102,
        40.20367016702,
        59.53406320802,
        62.880879792019996,
        75.98750745802,
        37.61415670802,
        38.49136658402,
        39.55842820802,
        37.71258437502,
        38.402712125019995,
        39.057392792019996,
        37.500260042019995,
        39.24036820902,
        39.323508875019996,
        37.43813775002,
        42.24457787502,
        39.40912325002,
        37.41934370802,
        38.55636000002,
        39.79120020902,
        40.45193287502,
        50.67714200002,
        38.76568612502,
        39.13713525002,
        37.52357537502,
        37.59335962502,
        35.08612237502,
        39.13174970902,
        37.13414516702,
        40.02553704202,
        37.53107337502,
        38.99038050002,
        37.99204745902,
        36.65862870802,
        41.03731120802,
        38.51138833402,
        40.44294041602,
        38.53227129202,
        37.27015337502,
        36.89815283302,
        72.57245354202,
        38.28945950002
      ],
      "exit_codes": [
        0,
        0,
        0,
        0,
        0,
        0,
        0,
        1,
        0,
        0,
        0,
        0,
        0,
        0,
        0,
        0,
        0,
        0,
        0,
        0,
        0,
        0,
        0,
        0,
        0,
        0,
        0,
        0,
        0,
        0,
        0,
        0,
        0,
        0,
        0,
        0,
        0,
        0,
        0,
        0,
        0,
        0,
        0,
        0,
        0,
        0,
        0,
        0,
        0,
        0
      ]
    }
  ]
}
