{
  "results": [
    {
      "command": "./gradlew screenshotTest",
      "mean": 35.35860534995999,
      "stddev": 3.6737813942057853,
      "median": 35.50152115768,
      "user": 0.7761202399999999,
      "system": 0.09156762,
      "min": 22.78191953218,
      "max": 44.26826586618,
      "times": [
        39.22531232418,
        33.19977199118,
        33.32506465718,
        38.42136178218,
        38.73065915718,
        40.21789157418,
        32.34537790718,
        44.26826586618,
        38.263970532180004,
        36.754565116180004,
        38.15894849118,
        32.25515886518,
        30.15348632418,
        37.66247865718,
        37.75318886518,
        38.484804199180005,
        30.753082657180002,
        31.81577603218,
        36.88230540718,
        38.08871078218,
        38.34044436618,
        33.09108844918,
        35.79018257418,
        34.81951907418,
        32.42998649118,
        31.17285903318,
        36.21343590818,
        39.02365040718,
        41.97351257418,
        35.96300253218,
        32.29489499018,
        38.73100332418,
        33.61642232418,
        38.63297078318,
        33.47734282418,
        32.50362132418,
        22.78191953218,
        39.84635549118,
        37.20479524018,
        37.71414144918,
        30.84413190718,
        34.11506836518,
        32.46224036618,
        32.681135490180004,
        36.12158032418,
        34.37093578318,
        32.88352999018,
        32.955475241180004,
        33.90198040818,
        35.212859741180004
      ],
      "exit_codes": [
        0,
        0,
        0,
        0,
        0,
        0,
        0,
        0,
        0,
        0,
        0,
        0,
        0,
        0,
        0,
        0,
        0,
        0,
        0,
        0,
        0,
        0,
        0,
        0,
        0,
        0,
        0,
        0,
        0,
        0,
        0,
        0,
        0,
        0,
        0,
        0,
        1,
        0,
        0,
        0,
        0,
        0,
        0,
        0,
        0,
        0,
        0,
        0,
        0,
        0
      ]
    }
  ]
}
