{
  "results": [
    {
      "command": "./gradlew screenshotRecord",
      "mean": 39.238313304040005,
      "stddev": 18.56517112614142,
      "median": 35.92125876592,
      "user": 0.7913827200000004,
      "system": 0.09690836000000001,
      "min": 26.67350547442,
      "max": 166.25301414042,
      "times": [
        36.28294443242,
        37.21266751642,
        37.51494039042,
        34.07036414042,
        34.61675918242,
        34.07116926542,
        39.46702493242,
        41.84308151542,
        34.68349259842,
        42.88571059842,
        37.00686843242,
        35.86903897442,
        37.56033947342,
        42.10221976542,
        43.76294193242,
        35.06413818242,
        33.88248768242,
        35.72237959942,
        34.75525447442,
        35.48015801542,
        35.42986859842,
        34.89394759842,
        35.97347855742,
        37.81690047442,
        39.27676739042,
        36.37747476642,
        35.85497447342,
        36.16509347342,
        37.71334401542,
        36.49698718242,
        35.12024364142,
        26.67350547442,
        40.83958209942,
        36.81079822442,
        33.73906768242,
        35.72044372342,
        40.89300501642,
        35.21952089142,
        40.94429772442,
        40.54022468242,
        38.65676755742,
        34.50843193242,
        34.17677864142,
        35.73079289042,
        34.07066918242,
        34.97094472442,
        34.42061434842,
        37.88929230742,
        34.88485268242,
        166.25301414042
      ],
      "exit_codes": [
        0,
        0,
        0,
        0,
        0,
        0,
        0,
        0,
        0,
        0,
        0,
        0,
        0,
        0,
        0,
        0,
        0,
        0,
        0,
        0,
        0,
        0,
        0,
        0,
        0,
        0,
        0,
        0,
        0,
        0,
        0,
        1,
        0,
        0,
        0,
        0,
        0,
        0,
        0,
        0,
        0,
        0,
        0,
        0,
        0,
        0,
        0,
        0,
        0,
        0
      ]
    }
  ]
}
