{
  "results": [
    {
      "command": "./gradlew screenshotTest",
      "mean": 46.81754978997999,
      "stddev": 7.289465082695106,
      "median": 44.4833368776,
      "user": 0.78372464,
      "system": 0.11133168000000003,
      "min": 35.712240233100005,
      "max": 71.41460323310001,
      "times": [
        43.68437494010001,
        42.32312852410001,
        42.9246829411,
        39.937738690100005,
        47.884074191100005,
        48.7871023991,
        42.959650565100006,
        43.115369149100005,
        45.1805188991,
        43.632738690100005,
        41.7987413991,
        46.4540111911,
        44.4817386901,
        43.9517323991,
        41.8772834401,
        42.46725727410001,
        40.274942524100005,
        44.484935065100004,
        41.959865233100004,
        42.170080232100005,
        42.3552390241,
        49.5315733161,
        45.71601327410001,
        57.5162813991,
        64.9902505241,
        55.3398706071,
        56.6396745241,
        46.292464524100005,
        53.7506198581,
        66.02257356610001,
        71.41460323310001,
        51.285493108100006,
        54.3243775241,
        57.653319983100005,
        42.4774317321,
        41.349876608100004,
        41.790002941100006,
        35.8588297741,
        47.8068180661,
        48.125918691100004,
        46.698194024100005,
        44.5590546071,
        46.8920272741,
        46.9790560661,
        41.888674608100004,
        40.0701799411,
        42.6498322321,
        50.383120607100004,
        44.453911191100005,
        35.712240233100005
      ],
      "exit_codes": [
        0,
        0,
        0,
        0,
        0,
        0,
        0,
        0,
        0,
        0,
        0,
        0,
        0,
        0,
        0,
        0,
        0,
        0,
        0,
        0,
        0,
        0,
        0,
        0,
        0,
        0,
        0,
        0,
        0,
        0,
        0,
        0,
        0,
        0,
        0,
        0,
        0,
        0,
        0,
        0,
        0,
        0,
        0,
        0,
        0,
        0,
        0,
        0,
        0,
        0
      ]
    }
  ]
}
