{
  "results": [
    {
      "command": "./gradlew screenshotRecord",
      "mean": 46.79573901339999,
      "stddev": 4.521984962368349,
      "median": 46.26872686717999,
      "user": 0.77942742,
      "system": 0.10671319999999997,
      "min": 34.91042880418,
      "max": 66.11059647118,
      "times": [
        66.11059647118,
        46.98227805418,
        44.42255163718,
        47.34042605418,
        48.85709922118,
        53.463525929179994,
        50.16310292918,
        47.25967651218,
        42.659800179179996,
        45.704727554179996,
        42.018601929179994,
        43.874385929179994,
        44.37764701218,
        46.991367554179995,
        44.16875359618,
        45.19041672118,
        49.49354913718,
        46.03754792918,
        42.17597263818,
        50.897112387179995,
        34.91042880418,
        46.67753259618,
        49.445773304179994,
        52.368592221179995,
        43.19200488718,
        46.176896888179996,
        47.811268012179994,
        44.07154359618,
        44.644561179179995,
        43.886340679179995,
        49.99908555418,
        47.849961346179995,
        46.360556846179996,
        46.59075367918,
        43.572098888179994,
        45.117319887179995,
        47.77921601318,
        46.079254262179994,
        56.390764304179996,
        45.03001297118,
        50.273608429179994,
        41.951676387179994,
        44.035109720179996,
        42.88906772118,
        43.13692876218,
        52.07631338818,
        47.17986992918,
        46.39451084618,
        45.241694429179994,
        50.46506576218
      ],
      "exit_codes": [
        0,
        0,
        0,
        0,
        0,
        0,
        0,
        0,
        0,
        0,
        0,
        0,
        0,
        0,
        0,
        0,
        0,
        0,
        0,
        0,
        0,
        0,
        0,
        0,
        0,
        0,
        0,
        0,
        0,
        0,
        0,
        0,
        0,
        0,
        0,
        0,
        0,
        0,
        0,
        0,
        0,
        0,
        0,
        0,
        0,
        0,
        0,
        0,
        0,
        0
      ]
    }
  ]
}
