{
  "results": [
    {
      "command": "./gradlew :lazycolumnscreen:roborazzi:verifyRoborazziDebug",
      "mean": 8.28594012922,
      "stddev": 0.2723498956986833,
      "median": 8.24544697298,
      "user": 0.7152351800000002,
      "system": 0.07200846,
      "min": 7.96684909798,
      "max": 9.87024047398,
      "times": [
        8.29177905698,
        8.18112088998,
        8.56685876498,
        8.24367888998,
        8.28527176498,
        9.87024047398,
        8.341690848979999,
        7.99831538998,
        8.37326243198,
        8.17941618198,
        8.33163205598,
        8.27240655698,
        8.18912497298,
        8.352162848979999,
        8.19355484898,
        8.09617513998,
        8.14827393198,
        7.98632513998,
        8.23030663998,
        8.54360384798,
        8.31446484898,
        8.23782072298,
        8.14268976498,
        8.29664130598,
        8.15938405698,
        8.130124306979999,
        7.96684909798,
        8.00691218198,
        8.56161105598,
        8.24721505598,
        8.17048405698,
        8.07249680698,
        8.08328322398,
        8.25616655698,
        8.38814572298,
        8.17261472298,
        8.37835243198,
        8.38428830698,
        8.34423451498,
        8.30753180698,
        8.17116447298,
        8.48280018098,
        8.39874480698,
        8.14682418198,
        8.26542672298,
        8.22588976498,
        8.09464926498,
        8.56920722298,
        8.40713368198,
        8.23865493198
      ],
      "exit_codes": [
        0,
        0,
        0,
        0,
        0,
        0,
        0,
        0,
        0,
        0,
        0,
        0,
        0,
        0,
        0,
        0,
        0,
        0,
        0,
        0,
        0,
        0,
        0,
        0,
        0,
        0,
        0,
        0,
        0,
        0,
        0,
        0,
        0,
        0,
        0,
        0,
        0,
        0,
        0,
        0,
        0,
        0,
        0,
        0,
        0,
        0,
        0,
        0,
        0,
        0
      ]
    }
  ]
}
