{
  "results": [
    {
      "command": "./gradlew :lazycolumnscreen:paparazzi:verifyPaparazziDebug",
      "mean": 0.75371191666,
      "stddev": 0.05783288296255666,
      "median": 0.73285512462,
      "user": 0.60761168,
      "system": 0.053426980000000006,
      "min": 0.6974047491200001,
      "max": 0.97276512412,
      "times": [
        0.77103762412,
        0.8560759991200001,
        0.75644979112,
        0.75319062412,
        0.7835414151200001,
        0.75951112412,
        0.74118024912,
        0.81044429112,
        0.97276512412,
        0.81809562412,
        0.7314247071200001,
        0.89461441612,
        0.8034494991200001,
        0.8863939151200001,
        0.75405874912,
        0.85849779112,
        0.7650864581200001,
        0.74905849912,
        0.73384570812,
        0.72064779112,
        0.70315437412,
        0.6995516661200001,
        0.7147182081200001,
        0.72047616512,
        0.70319858312,
        0.7346031241200001,
        0.7607159571200001,
        0.73033437412,
        0.71849749912,
        0.8026767491200001,
        0.7559693741200001,
        0.7261186241200001,
        0.76379008212,
        0.71862879112,
        0.72345683212,
        0.70484133212,
        0.73625237412,
        0.72102624912,
        0.70176179112,
        0.71388862412,
        0.70648279112,
        0.70983024912,
        0.70153204112,
        0.72750633212,
        0.7197050821200001,
        0.6974047491200001,
        0.72930424912,
        0.73186454112,
        0.69884266612,
        0.79009295712
      ],
      "exit_codes": [
        0,
        0,
        0,
        0,
        0,
        0,
        0,
        0,
        0,
        0,
        0,
        0,
        0,
        0,
        0,
        0,
        0,
        0,
        0,
        0,
        0,
        0,
        0,
        0,
        0,
        0,
        0,
        0,
        0,
        0,
        0,
        0,
        0,
        0,
        0,
        0,
        0,
        0,
        0,
        0,
        0,
        0,
        0,
        0,
        0,
        0,
        0,
        0,
        0,
        0
      ]
    }
  ]
}
