{
  "results": [
    {
      "command": "./gradlew :lazycolumnscreen:dropshots:connectedAndroidTest",
      "mean": 29.168452359299994,
      "stddev": 4.069773074114068,
      "median": 28.412857170560002,
      "user": 0.7090740200000001,
      "system": 0.08991857999999998,
      "min": 25.87210117006,
      "max": 54.70616604506,
      "times": [
        30.14788208706,
        31.92183100306,
        28.37463642006,
        31.21281129506,
        28.89054117006,
        28.87545437806,
        28.08858237806,
        27.67190275406,
        29.28889029506,
        28.28813775306,
        28.44191908706,
        30.38459175406,
        30.28828492006,
        27.20542717006,
        28.72105833706,
        30.09401792006,
        30.11694604506,
        28.25509092006,
        28.29325208706,
        28.98796154506,
        28.49771979506,
        28.70983629506,
        27.74460625306,
        27.63008662806,
        26.86960987806,
        27.346670170059998,
        27.63531867006,
        28.38379525406,
        29.417628504059998,
        26.76546725406,
        28.13078325406,
        29.41807758706,
        29.90326029506,
        28.22045746206,
        32.58322000306,
        28.93258596206,
        26.88210187806,
        30.39353858606,
        54.70616604506,
        33.46913142006,
        32.36710229506,
        28.85808254506,
        27.20469862906,
        26.82301550306,
        26.03765917006,
        25.87210117006,
        26.45693525306,
        26.80494042006,
        26.88043721206,
        25.92836525406
      ],
      "exit_codes": [
        0,
        0,
        0,
        1,
        0,
        0,
        0,
        0,
        0,
        0,
        1,
        0,
        0,
        0,
        1,
        0,
        0,
        0,
        0,
        0,
        0,
        0,
        0,
        0,
        0,
        0,
        0,
        0,
        0,
        0,
        0,
        1,
        0,
        1,
        0,
        0,
        0,
        0,
        1,
        0,
        0,
        0,
        0,
        0,
        0,
        0,
        0,
        0,
        0,
        0
      ]
    }
  ]
}
