{
  "results": [
    {
      "command": "./gradlew :lazycolumnscreen:android-testify:screenshotTest -PscreenshotAnnotation=com.example.road.to.effective.snapshot.testing.testannotations.ComposableTest",
      "mean": 12.12695645832,
      "stddev": 1.4363054570991365,
      "median": 11.714286521479998,
      "user": 0.65670122,
      "system": 0.07061166,
      "min": 10.51790452098,
      "max": 16.35934406298,
      "times": [
        11.714748562979999,
        11.727303104979999,
        11.56838785498,
        10.97963527198,
        11.76783693798,
        10.635730729979999,
        15.68338772998,
        11.90124218798,
        11.35305543798,
        11.910068729979999,
        11.790608687979999,
        11.30806752098,
        16.35934406298,
        12.52713202198,
        11.674057979979999,
        11.25806460498,
        12.38282377198,
        11.82625227098,
        12.18292693898,
        11.709274854979999,
        11.08690243898,
        12.06535372998,
        11.90116252198,
        14.90831927198,
        11.982610854979999,
        11.90885877198,
        10.87263893798,
        15.19062952198,
        12.07078352198,
        11.49209031298,
        10.97413677198,
        11.628537396979999,
        11.52501710498,
        10.51790452098,
        11.505769063979999,
        11.705424063979999,
        11.252203395979999,
        11.71382447998,
        11.07013831298,
        16.02152389698,
        11.33675356298,
        12.301208146979999,
        12.94843814698,
        11.624097854979999,
        11.66594981298,
        16.24425039598,
        11.352537437979999,
        12.19964177198,
        10.987058229979999,
        12.03410939698
      ],
      "exit_codes": [
        0,
        0,
        0,
        0,
        0,
        0,
        0,
        0,
        0,
        0,
        0,
        0,
        0,
        0,
        0,
        0,
        0,
        0,
        0,
        0,
        0,
        0,
        0,
        0,
        0,
        0,
        0,
        0,
        0,
        0,
        0,
        0,
        0,
        0,
        0,
        0,
        0,
        0,
        0,
        0,
        0,
        0,
        0,
        0,
        0,
        0,
        0,
        0,
        0,
        0
      ]
    }
  ]
}
