{
  "results": [
    {
      "command": "./gradlew :lazycolumnscreen:shot:executeScreenshotTests",
      "mean": 18.381589107539995,
      "stddev": 1.0136475388231636,
      "median": 18.16786419422,
      "user": 0.6672513400000001,
      "system": 0.07212297999999998,
      "min": 17.04988227722,
      "max": 21.58121431922,
      "times": [
        21.11602877722,
        20.16827123522,
        17.24025740222,
        18.62808665322,
        21.58121431922,
        17.40586661122,
        17.70811794422,
        17.92364831922,
        18.29864423622,
        18.77510544422,
        18.11408356922,
        17.49956927722,
        18.986324777220002,
        19.16026444422,
        18.20439131922,
        18.281203027220002,
        19.20937906922,
        17.47058281922,
        18.07088369422,
        18.63049823622,
        17.88820686122,
        20.01929602822,
        17.595495694220002,
        19.26355894422,
        18.50658131922,
        18.98500806922,
        19.49964419422,
        18.17123227822,
        18.91072727722,
        17.57531902722,
        17.89086277722,
        18.38128231922,
        19.52285044422,
        17.46781665322,
        18.67748027722,
        17.19718048622,
        17.25983981922,
        18.92405261122,
        17.25004136122,
        17.04988227722,
        17.80670686022,
        19.93421965222,
        17.74931644422,
        17.54755931922,
        17.61260156922,
        18.16449611022,
        17.57154723622,
        17.23370490222,
        19.14444244422,
        17.80608094422
      ],
      "exit_codes": [
        0,
        0,
        0,
        0,
        1,
        0,
        0,
        0,
        0,
        0,
        0,
        0,
        0,
        1,
        0,
        0,
        0,
        1,
        0,
        0,
        0,
        0,
        0,
        0,
        0,
        0,
        0,
        0,
        0,
        0,
        0,
        0,
        0,
        0,
        0,
        0,
        0,
        0,
        0,
        0,
        0,
        0,
        0,
        0,
        0,
        0,
        0,
        0,
        0,
        0
      ]
    }
  ]
}
