{
  "results": [
    {
      "command": "./gradlew :recyclerviewscreen:paparazzi:verifyPaparazziDebug",
      "mean": 0.75202147502,
      "stddev": 0.08024251270153593,
      "median": 0.7323240191400001,
      "user": 0.6649508200000003,
      "system": 0.05700276,
      "min": 0.6979746236400001,
      "max": 1.2160905816399998,
      "times": [
        0.9077319566400001,
        0.9025432896400001,
        0.74676741564,
        0.7202747486400001,
        0.7167702906400001,
        0.7661549976400001,
        0.7506971226400001,
        0.77568645664,
        0.7487419146400001,
        0.7719019156400001,
        0.7016042906400001,
        0.7609255396400001,
        0.7106549566400001,
        0.7324146226400001,
        0.70777820664,
        0.7140362896400001,
        0.7313252906400001,
        0.7078412906400001,
        0.75646895664,
        0.70797953964,
        0.77634495664,
        0.7223558736400001,
        0.76237124864,
        0.7322334156400001,
        0.71094683164,
        1.2160905816399998,
        0.7629434566400001,
        0.7164618316400001,
        0.7431295816400001,
        0.70476937364,
        0.7186058726400001,
        0.7659658316400001,
        0.6979746236400001,
        0.7038455816400001,
        0.7330805816400001,
        0.7781687476400001,
        0.75710953964,
        0.71219933164,
        0.76258779064,
        0.7219738316400001,
        0.75136595664,
        0.6994843316400001,
        0.7794392896400001,
        0.7175369566400001,
        0.7060246236400001,
        0.8385799986400001,
        0.7219269566400001,
        0.7382838726400001,
        0.70931641564,
        0.70165737364
      ],
      "exit_codes": [
        0,
        0,
        0,
        0,
        0,
        0,
        0,
        0,
        0,
        0,
        0,
        0,
        0,
        0,
        0,
        0,
        0,
        0,
        0,
        0,
        0,
        0,
        0,
        0,
        0,
        0,
        0,
        0,
        0,
        0,
        0,
        0,
        0,
        0,
        0,
        0,
        0,
        0,
        0,
        0,
        0,
        0,
        0,
        0,
        0,
        0,
        0,
        0,
        0,
        0
      ]
    }
  ]
}
