{
  "results": [
    {
      "command": "./gradlew :recyclerviewscreen:android-testify:screenshotTest --debug ",
      "mean": 21.92777648418,
      "stddev": 54.56144901664667,
      "median": 14.06495843962,
      "user": 3.1120655800000003,
      "system": 0.6806516599999999,
      "min": 12.79689729362,
      "max": 399.96604595962,
      "times": [
        13.776544709620001,
        13.681154751620001,
        13.498166085620001,
        15.964298626620002,
        14.80486666862,
        14.48769933462,
        13.73646054362,
        13.676617376620001,
        13.67164612662,
        15.570373834620002,
        15.94169100162,
        14.831201209620001,
        14.34202137662,
        13.79230320962,
        16.13675495962,
        14.54450745962,
        14.61624100162,
        14.16112929362,
        14.609439210620002,
        14.276325334620001,
        14.41941871062,
        13.97961650162,
        15.160895918620001,
        15.06310158462,
        13.51803541862,
        14.01400166862,
        13.70967225162,
        12.99605062662,
        15.767963209620001,
        16.131241042619997,
        399.96604595962,
        14.65904933462,
        15.49830712662,
        14.77145062662,
        14.052593835620002,
        15.29977991862,
        14.506568251620001,
        14.07732304362,
        13.96442858562,
        13.157260543620001,
        13.34079783562,
        13.118020084620001,
        12.79689729362,
        13.28840454262,
        13.43389750162,
        13.283767668620001,
        13.00454500162,
        13.07918666862,
        13.29140887662,
        12.91965246062
      ],
      "exit_codes": [
        0,
        0,
        0,
        0,
        0,
        0,
        0,
        0,
        0,
        0,
        0,
        0,
        0,
        0,
        0,
        0,
        0,
        0,
        0,
        0,
        0,
        0,
        0,
        0,
        0,
        0,
        0,
        0,
        0,
        0,
        0,
        0,
        0,
        0,
        0,
        0,
        0,
        0,
        0,
        0,
        0,
        0,
        0,
        0,
        0,
        0,
        0,
        0,
        0,
        0
      ]
    }
  ]
}
