{
  "results": [
    {
      "command": "./gradlew :recyclerviewscreen:roborazzi:verifyRoborazziDebug",
      "mean": 9.143060090759999,
      "stddev": 0.4977098767576942,
      "median": 8.985364624919999,
      "user": 0.70728356,
      "system": 0.06888008000000001,
      "min": 8.47282956242,
      "max": 10.698552937419999,
      "times": [
        8.72338193742,
        8.609165937419998,
        8.73709372942,
        8.50369539542,
        8.47282956242,
        9.689240479419999,
        8.666766853419999,
        8.768096395419999,
        8.810284312419999,
        8.61355914642,
        8.517869229419999,
        8.734485895419999,
        8.77098281242,
        8.665677603419999,
        9.65758906242,
        10.231914353419999,
        10.698552937419999,
        9.06279193742,
        9.61337010342,
        9.38475443742,
        8.96664731242,
        8.97282460442,
        9.12195710442,
        8.595081646419999,
        9.12288385442,
        9.95011231242,
        9.34295668742,
        8.92858243742,
        9.097630729419999,
        9.613363229419999,
        8.96659693742,
        9.89114139542,
        9.56128864642,
        8.86494527042,
        8.87162456242,
        9.034142812419999,
        8.73711264542,
        8.92693643742,
        9.69598964542,
        8.90997493742,
        8.997904645419998,
        9.07479985442,
        8.82532493742,
        8.825084021419999,
        9.50269477142,
        9.66994610342,
        9.12517022942,
        9.30518139542,
        9.88921235442,
        9.83379089542
      ],
      "exit_codes": [
        0,
        0,
        0,
        0,
        0,
        0,
        0,
        0,
        0,
        0,
        0,
        0,
        0,
        0,
        0,
        0,
        0,
        0,
        0,
        0,
        0,
        0,
        0,
        0,
        0,
        0,
        0,
        0,
        0,
        0,
        0,
        0,
        0,
        0,
        0,
        0,
        0,
        0,
        0,
        0,
        0,
        0,
        0,
        0,
        0,
        0,
        0,
        0,
        0,
        0
      ]
    }
  ]
}
