{
  "results": [
    {
      "command": "./gradlew :recyclerviewscreen:dropshots:connectedAndroidTest",
      "mean": 25.508996333359995,
      "stddev": 13.49909332335304,
      "median": 21.968325467859998,
      "user": 0.67645038,
      "system": 0.06922286000000001,
      "min": 20.28602155086,
      "max": 101.91712646786,
      "times": [
        64.06144888386,
        101.91712646786,
        56.18776605086,
        32.71636713486,
        26.69196600886,
        20.914635591859998,
        20.64630525986,
        21.497652050859998,
        26.870613008859998,
        22.16930805086,
        22.50062738386,
        21.584882466859998,
        21.68233696786,
        22.216643883859998,
        22.121195425859998,
        20.28602155086,
        22.99623134286,
        22.462889800859998,
        21.68705696786,
        20.709906717859997,
        22.485263716859997,
        22.434706050859997,
        21.79227055086,
        22.08008646686,
        20.565955008859998,
        21.62817759286,
        20.622664800859997,
        21.676928592859998,
        21.24953842586,
        21.484398133859997,
        21.58356930086,
        22.01892046786,
        21.31869959286,
        22.181191092859997,
        22.298002550859998,
        21.91773046786,
        21.81270405086,
        21.66005467586,
        27.63851300886,
        21.34239638386,
        22.314161384859997,
        22.133327925859998,
        23.47726571686,
        24.768697592859997,
        21.203063550859998,
        22.099710092859997,
        21.583582592859997,
        22.40874509286,
        21.90994963386,
        21.838561133859997
      ],
      "exit_codes": [
        0,
        0,
        0,
        0,
        0,
        0,
        0,
        0,
        0,
        0,
        0,
        0,
        0,
        0,
        0,
        0,
        0,
        0,
        0,
        0,
        0,
        0,
        0,
        0,
        0,
        0,
        0,
        0,
        0,
        0,
        0,
        0,
        0,
        0,
        0,
        0,
        0,
        0,
        0,
        0,
        0,
        0,
        0,
        0,
        0,
        0,
        0,
        0,
        0,
        0
      ]
    }
  ]
}
