{
  "results": [
    {
      "command": "./gradlew :recyclerviewscreen:shot:executeScreenshotTest --debug ",
      "mean": 22.05386848166,
      "stddev": 1.1531945391964158,
      "median": 21.954562780179998,
      "user": 2.9792803199999995,
      "system": 0.6796931000000002,
      "min": 20.188336342179998,
      "max": 25.64144271718,
      "times": [
        22.28819388418,
        23.12325355018,
        22.392337968179998,
        21.27877725918,
        20.21128900918,
        20.27435496718,
        21.13404780118,
        22.57598709318,
        21.44574759218,
        23.02049488418,
        20.90896730118,
        23.07133555118,
        22.95712980018,
        23.28966284218,
        23.34501875918,
        21.537281801179997,
        25.64144271718,
        21.40040850918,
        21.80635596718,
        20.356475676179997,
        21.930509676179998,
        22.65331571718,
        23.348587092179997,
        20.188336342179998,
        22.12013434218,
        21.978615884179998,
        21.59075417518,
        22.31710275918,
        21.63229850918,
        22.30971925918,
        21.36322625918,
        23.50158563418,
        20.20832534218,
        23.756825176179998,
        22.08221659318,
        23.95231296718,
        20.78375425918,
        22.91016425918,
        20.63465413418,
        22.54981450918,
        23.18362034318,
        21.82500688418,
        21.474089300179998,
        23.07996425918,
        20.86015409218,
        21.70486255118,
        21.86957650918,
        21.78907942618,
        20.23353638418,
        22.80271850918
      ],
      "exit_codes": [
        0,
        0,
        0,
        0,
        0,
        0,
        0,
        0,
        0,
        1,
        1,
        0,
        0,
        0,
        1,
        0,
        0,
        0,
        0,
        0,
        0,
        0,
        0,
        0,
        0,
        0,
        1,
        0,
        0,
        0,
        0,
        0,
        0,
        0,
        0,
        0,
        0,
        1,
        0,
        0,
        0,
        0,
        0,
        0,
        0,
        0,
        0,
        0,
        0,
        0
      ]
    }
  ]
}
