{
  "results": [
    {
      "command": "./gradlew :dialog:paparazzi:verifyPaparazziDebug",
      "mean": 4.928549185000001,
      "stddev": 0.2259455344332673,
      "median": 4.9117569659800004,
      "user": 0.7106071799999999,
      "system": 0.05978713999999998,
      "min": 4.66968106998,
      "max": 5.73234752798,
      "times": [
        5.654927985980001,
        5.0956683619800005,
        5.028906694980001,
        4.76163756998,
        4.854991611980001,
        5.06220706998,
        4.923802694980001,
        4.813992652980001,
        4.75939177898,
        5.02366202798,
        5.02883294498,
        4.7596003199800005,
        4.75843252798,
        5.10100261198,
        4.942329694980001,
        4.77505348698,
        4.749428694980001,
        4.9909253199800006,
        4.744690486980001,
        4.7175100289800005,
        4.78120523698,
        4.79135244498,
        5.07203781998,
        4.7811265699800005,
        4.74361198598,
        4.94857152798,
        4.66968106998,
        4.6821359869800006,
        4.965789694980001,
        4.718487569980001,
        4.95723969498,
        4.858731860980001,
        4.89971123698,
        5.054913610980001,
        4.93952752798,
        5.0071409859800005,
        4.76311406998,
        4.93732031998,
        5.003390111980001,
        4.813278153980001,
        5.038000027980001,
        4.742803486980001,
        4.83273819498,
        5.03082373698,
        4.9664437789800004,
        4.799959027980001,
        4.94312636198,
        4.78351890398,
        5.73234752798,
        5.622336152980001
      ],
      "exit_codes": [
        0,
        0,
        0,
        0,
        0,
        0,
        0,
        0,
        0,
        0,
        0,
        0,
        0,
        0,
        0,
        0,
        0,
        0,
        0,
        0,
        0,
        0,
        0,
        0,
        0,
        0,
        0,
        0,
        0,
        0,
        0,
        0,
        0,
        0,
        0,
        0,
        0,
        0,
        0,
        0,
        0,
        0,
        0,
        0,
        0,
        0,
        0,
        0,
        0,
        0
      ]
    }
  ]
}
