{
  "results": [
    {
      "command": "./gradlew :dialog:paparazzi:verifyPaparazziDebug",
      "mean": 5.630243735020001,
      "stddev": 0.21363610875714817,
      "median": 5.5979864939,
      "user": 0.73978966,
      "system": 0.06237458,
      "min": 5.3014336814,
      "max": 6.6728010574,
      "times": [
        6.6728010574,
        5.8744018064,
        5.6043451393999995,
        5.5496643483999994,
        5.6099306814,
        5.661771765399999,
        5.5030568484,
        5.5303474314,
        5.5257600153999995,
        5.463514432399999,
        5.5916278484,
        5.376675264399999,
        5.625657265399999,
        5.5508338904,
        5.6080939314,
        5.5200933893999995,
        5.6089294734,
        5.6745146394,
        5.4865520984,
        5.8348928904,
        5.7006188483999995,
        5.6810367654,
        5.5591965564,
        5.3397867234,
        5.5395168064,
        5.376261265399999,
        5.4452501824,
        5.3828602654,
        5.9699943484,
        5.7498828074,
        5.332542473399999,
        5.7995040574,
        5.5911181814,
        5.6836927644,
        5.6930608484,
        5.5816112233999995,
        5.6139716404,
        5.6864670154,
        5.3014336814,
        5.902824015399999,
        5.8067548904,
        5.5888288064,
        5.562873306399999,
        5.7206506813999995,
        5.7589306394,
        5.5646563894,
        5.8256080144,
        5.8048720564,
        5.483952556399999,
        5.5909647234
      ],
      "exit_codes": [
        1,
        1,
        1,
        1,
        1,
        1,
        1,
        1,
        1,
        1,
        1,
        1,
        1,
        1,
        1,
        1,
        1,
        1,
        1,
        1,
        1,
        1,
        1,
        1,
        1,
        1,
        1,
        1,
        1,
        1,
        1,
        1,
        1,
        1,
        1,
        1,
        1,
        1,
        1,
        1,
        1,
        1,
        1,
        1,
        1,
        1,
        1,
        1,
        1,
        1
      ]
    }
  ]
}
