{
  "results": [
    {
      "command": "./gradlew :dialog:paparazzi:recordPaparazziDebug",
      "mean": 5.297471279019999,
      "stddev": 0.41145725431897184,
      "median": 5.24400968042,
      "user": 0.6844425800000002,
      "system": 0.05953653999999998,
      "min": 4.80989980542,
      "max": 6.68480830642,
      "times": [
        6.68480830642,
        5.4029354314199995,
        5.33409734742,
        5.23229726342,
        5.64072976442,
        5.19476401442,
        5.30521588842,
        5.24187301342,
        5.52916618042,
        5.36908830642,
        5.62780338942,
        5.43820443042,
        5.37566297242,
        5.54957880542,
        5.46956847242,
        5.34472380642,
        5.16112918042,
        5.29902793042,
        5.34942197242,
        5.73900043142,
        5.32934843042,
        5.38476330542,
        5.47805551342,
        5.77397855542,
        6.61723797242,
        6.16445701442,
        5.87476422242,
        4.96704422242,
        4.9034250974199995,
        5.00579701342,
        5.05017376342,
        5.24614634742,
        5.2121229724199996,
        4.85555688942,
        4.93153709742,
        4.99766405542,
        4.83267247242,
        5.5249969314200005,
        4.95679393042,
        4.97042293042,
        4.89780980542,
        4.80989980542,
        4.99695005542,
        5.03119322242,
        4.86648038942,
        4.91438705542,
        4.9183489724200005,
        4.90305968042,
        5.15735072242,
        5.01202859742
      ],
      "exit_codes": [
        0,
        0,
        0,
        0,
        0,
        0,
        0,
        0,
        0,
        0,
        0,
        0,
        0,
        0,
        0,
        0,
        0,
        0,
        0,
        0,
        0,
        0,
        0,
        0,
        0,
        0,
        0,
        0,
        0,
        0,
        0,
        0,
        0,
        0,
        0,
        0,
        0,
        0,
        0,
        0,
        0,
        0,
        0,
        0,
        0,
        0,
        0,
        0,
        0,
        0
      ]
    }
  ]
}
