{
  "results": [
    {
      "command": "./gradlew :lazycolumnscreen:paparazzi:recordPaparazziDebug",
      "mean": 6.423824604240002,
      "stddev": 0.3669391511861787,
      "median": 6.3638203219600005,
      "user": 0.6823644000000002,
      "system": 0.059537940000000004,
      "min": 5.88884350896,
      "max": 8.20897659196,
      "times": [
        8.20897659196,
        6.73290659296,
        6.8887926759600004,
        6.965491092960001,
        7.09176234296,
        6.49083863396,
        6.41682875896,
        6.4698888429600006,
        6.6095903839600005,
        6.40118313396,
        6.46840259196,
        6.73501309196,
        6.49218009296,
        6.45002175896,
        6.65018438396,
        6.37005871696,
        6.569651925960001,
        6.59283384296,
        6.03942505096,
        5.88884350896,
        6.0887202589600005,
        6.25440950896,
        6.36069621796,
        6.134817758960001,
        6.24347413396,
        6.56055709296,
        6.44093367596,
        6.30652350896,
        6.10832759296,
        6.28093409296,
        6.00853875896,
        6.08074688496,
        6.3527773429600005,
        6.3404848009600006,
        6.38370042596,
        6.14389838496,
        6.32844221796,
        6.41602492596,
        6.25639355096,
        6.20883142596,
        6.15972475896,
        6.17337955096,
        6.36694442596,
        6.99453830096,
        6.24228700896,
        6.28033813396,
        6.15343167596,
        6.1922995509600005,
        6.12109113396,
        6.67508909296
      ],
      "exit_codes": [
        0,
        0,
        0,
        0,
        0,
        0,
        0,
        0,
        0,
        0,
        0,
        0,
        0,
        0,
        0,
        0,
        0,
        0,
        0,
        0,
        0,
        0,
        0,
        0,
        0,
        0,
        0,
        0,
        0,
        0,
        0,
        0,
        0,
        0,
        0,
        0,
        0,
        0,
        0,
        0,
        0,
        0,
        0,
        0,
        0,
        0,
        0,
        0,
        0,
        0
      ]
    }
  ]
}
