{
  "results": [
    {
      "command": "./gradlew :lazycolumnscreen:paparazzi:verifyPaparazziDebug",
      "mean": 6.316376660700001,
      "stddev": 0.31536060429454205,
      "median": 6.30906692296,
      "user": 0.68766662,
      "system": 0.06074871999999999,
      "min": 5.5671956509600005,
      "max": 7.74904944296,
      "times": [
        7.74904944296,
        6.33250840096,
        6.69262352696,
        6.55494023496,
        6.50210569296,
        6.67280581796,
        6.5123276929600005,
        6.31864456896,
        6.22586294296,
        6.27562935996,
        6.38465573496,
        6.3628517349600004,
        6.22088669396,
        6.54352231896,
        6.69849260996,
        6.34986660996,
        6.34147431796,
        6.43244860996,
        5.66952535996,
        6.50973844296,
        6.44132873496,
        6.43720469296,
        6.21730506896,
        6.14812931796,
        6.29948927696,
        6.49690752696,
        6.20803219296,
        6.41107781896,
        5.5671956509600005,
        5.74883694296,
        6.04516381796,
        6.13041602596,
        6.19804831796,
        6.34424665096,
        6.14141352696,
        6.15202652596,
        6.27649719296,
        6.12300665096,
        6.02289235996,
        6.53766619296,
        6.35212590196,
        6.16350781896,
        6.34360806796,
        6.24494240096,
        6.28648152596,
        6.56514919396,
        6.16597965096,
        6.29788244296,
        5.81591744396,
        6.28639398496
      ],
      "exit_codes": [
        0,
        0,
        0,
        0,
        0,
        0,
        0,
        0,
        0,
        0,
        0,
        0,
        0,
        0,
        0,
        0,
        0,
        0,
        0,
        0,
        0,
        0,
        0,
        0,
        0,
        0,
        0,
        0,
        0,
        0,
        0,
        0,
        0,
        0,
        0,
        0,
        0,
        0,
        0,
        0,
        0,
        0,
        0,
        0,
        0,
        0,
        0,
        0,
        0,
        0
      ]
    }
  ]
}
