{
  "results": [
    {
      "command": "./gradlew :lazycolumnscreen:paparazzi:verifyPaparazziDebug",
      "mean": 7.7863500450200025,
      "stddev": 0.3327082897716409,
      "median": 7.721335442039999,
      "user": 0.6987861199999998,
      "system": 0.06209151999999998,
      "min": 7.064719108539999,
      "max": 9.341501067540001,
      "times": [
        9.341501067540001,
        7.713541108539999,
        7.58527565154,
        7.56732298454,
        7.55812190054,
        7.82579256754,
        8.029810275540001,
        8.207201817540001,
        8.00082315054,
        7.63870140054,
        7.72912977554,
        8.06494444254,
        8.131685817540001,
        7.5259362335399995,
        7.62732944254,
        7.77012190154,
        7.57094815054,
        7.064719108539999,
        7.73649077554,
        7.78624831754,
        7.68106040154,
        7.35675715054,
        7.65233869254,
        7.59376569254,
        7.46414985954,
        7.3456542765399995,
        7.49318723454,
        7.91606427554,
        7.86538419254,
        7.689264650539999,
        7.81729898354,
        7.93433352654,
        7.3962673175399996,
        7.55732094254,
        7.91743610954,
        8.11761310854,
        7.685643317539999,
        7.70777702654,
        7.64931302554,
        7.68728523454,
        8.03580215054,
        7.89670844254,
        7.87507752554,
        7.648742276539999,
        7.6532123175399995,
        7.909211776539999,
        8.222611608540001,
        8.047882817540001,
        8.26681198454,
        7.757880442539999
      ],
      "exit_codes": [
        1,
        1,
        1,
        1,
        1,
        1,
        1,
        1,
        1,
        1,
        1,
        1,
        1,
        1,
        1,
        1,
        1,
        1,
        1,
        1,
        1,
        1,
        1,
        1,
        1,
        1,
        1,
        1,
        1,
        1,
        1,
        1,
        1,
        1,
        1,
        1,
        1,
        1,
        1,
        1,
        1,
        1,
        1,
        1,
        1,
        1,
        1,
        1,
        1,
        1
      ]
    }
  ]
}
