{
  "results": [
    {
      "command": "./gradlew :recyclerviewscreen:paparazzi:verifyPaparazziDebug",
      "mean": 9.162738916700002,
      "stddev": 0.33293132003525394,
      "median": 9.128647688480001,
      "user": 0.7517926200000001,
      "system": 0.06555727999999998,
      "min": 8.48261341748,
      "max": 10.57562475048,
      "times": [
        10.57562475048,
        9.08297270948,
        9.18420825048,
        9.35168362648,
        9.22060633448,
        9.273232417480001,
        9.16815262648,
        9.33493120948,
        9.09235700048,
        9.03158741748,
        9.13372079248,
        9.97526150048,
        9.55809695848,
        8.88636220948,
        8.82353891748,
        9.36197666748,
        9.35559175048,
        8.72588208448,
        8.998812000480001,
        8.883322167480001,
        9.13806270848,
        8.89037462548,
        8.48261341748,
        9.10006320948,
        9.10086304248,
        9.42527566748,
        8.67117525148,
        9.32095195948,
        9.03365083448,
        8.61120145948,
        9.52067908448,
        9.10859729248,
        9.34754816748,
        9.367584667480001,
        9.03843445948,
        9.09242920848,
        9.25472658448,
        9.07021754248,
        9.22850875048,
        8.94028054248,
        8.92096516748,
        9.25212245948,
        9.02776479248,
        9.02817525048,
        9.25436829248,
        9.21939241748,
        9.41968895948,
        9.12357458448,
        8.71655645948,
        9.41317758448
      ],
      "exit_codes": [
        1,
        1,
        1,
        1,
        1,
        1,
        1,
        1,
        1,
        1,
        1,
        1,
        1,
        1,
        1,
        1,
        1,
        1,
        1,
        1,
        1,
        1,
        1,
        1,
        1,
        1,
        1,
        1,
        1,
        1,
        1,
        1,
        1,
        1,
        1,
        1,
        1,
        1,
        1,
        1,
        1,
        1,
        1,
        1,
        1,
        1,
        1,
        1,
        1,
        1
      ]
    }
  ]
}
