{
  "results": [
    {
      "command": "./gradlew :recyclerviewscreen:paparazzi:verifyPaparazziDebug",
      "mean": 8.53243348082,
      "stddev": 0.31395043044769716,
      "median": 8.428002882500001,
      "user": 0.70409884,
      "system": 0.06187646,
      "min": 8.170255403,
      "max": 9.51824032,
      "times": [
        9.434896945,
        8.595370779000001,
        9.049629487,
        8.356293112000001,
        8.230635278000001,
        8.284693404,
        8.412353778,
        8.228366404,
        9.51824032,
        8.625272820000001,
        8.28945257,
        8.17524807,
        8.989686195,
        8.624339070000001,
        8.366346987,
        8.986239903000001,
        8.401562487000001,
        8.295051945,
        8.261042862,
        8.254853236,
        8.486236737,
        8.610280528,
        8.418818445000001,
        8.331590945,
        8.771064945000001,
        8.261217778,
        8.507732279,
        8.353735112,
        9.19627932,
        9.010753403,
        8.33977632,
        8.170255403,
        8.382751445,
        8.744835529000001,
        8.58444607,
        8.518616111,
        8.770256862,
        8.624588111000001,
        8.329675153,
        8.659776904000001,
        8.676777778,
        8.194673362000001,
        8.333953986000001,
        8.260231528,
        8.397365486,
        8.556242528,
        8.442281195000001,
        8.272836361000001,
        8.437187320000001,
        8.597861445000001
      ],
      "exit_codes": [
        0,
        0,
        0,
        0,
        0,
        0,
        0,
        0,
        0,
        0,
        0,
        0,
        0,
        0,
        0,
        0,
        0,
        0,
        0,
        0,
        0,
        0,
        0,
        0,
        0,
        0,
        0,
        0,
        0,
        0,
        0,
        0,
        0,
        0,
        0,
        0,
        0,
        0,
        0,
        0,
        0,
        0,
        0,
        0,
        0,
        0,
        0,
        0,
        0,
        0
      ]
    }
  ]
}
