{
  "results": [
    {
      "command": "./gradlew :recyclerviewscreen:paparazzi:recordPaparazziDebug",
      "mean": 8.896729420879998,
      "stddev": 0.39478328801009815,
      "median": 8.897777781239999,
      "user": 0.6960946200000001,
      "system": 0.060713099999999985,
      "min": 8.26739653074,
      "max": 10.427328572739999,
      "times": [
        10.427328572739999,
        9.118765030739999,
        8.82711215574,
        9.09102603074,
        8.967865114739999,
        9.189437072739999,
        9.66588798874,
        9.086084655739999,
        9.073128447739998,
        9.31780315574,
        9.12984086374,
        9.152926405739999,
        9.161654947739999,
        8.78905394774,
        9.196920863739999,
        9.706364489739999,
        8.957648530739998,
        8.91498890574,
        9.00206357274,
        8.95871340574,
        8.39361207274,
        8.53063353074,
        9.06304090574,
        8.49682440574,
        9.52482236374,
        8.90051432274,
        8.468929489739999,
        8.473496530739999,
        8.50403032274,
        8.50438532274,
        8.89354728074,
        8.56053948974,
        8.61706540574,
        8.418397322739999,
        8.31128194774,
        8.92639923974,
        8.26739653074,
        8.79166203074,
        8.78706261374,
        8.552679614739999,
        9.017256738739999,
        8.68299032274,
        8.678233280739999,
        8.89504123974,
        8.65782915574,
        8.58023194774,
        9.045386238739999,
        9.074681780739999,
        8.71336098874,
        8.77052444774
      ],
      "exit_codes": [
        0,
        0,
        0,
        0,
        0,
        0,
        0,
        0,
        0,
        0,
        0,
        0,
        0,
        0,
        0,
        0,
        0,
        0,
        0,
        0,
        0,
        0,
        0,
        0,
        0,
        0,
        0,
        0,
        0,
        0,
        0,
        0,
        0,
        0,
        0,
        0,
        0,
        0,
        0,
        0,
        0,
        0,
        0,
        0,
        0,
        0,
        0,
        0,
        0,
        0
      ]
    }
  ]
}
