{
  "results": [
    {
      "command": "./gradlew :dialogs:shot:executeScreenshotTests",
      "mean": 11.955501866679999,
      "stddev": 0.8963205473537676,
      "median": 11.797216320819999,
      "user": 0.67811118,
      "system": 0.06997141999999999,
      "min": 10.55400048782,
      "max": 13.976380403819999,
      "times": [
        11.132583153819999,
        11.463094778819999,
        11.74916682082,
        12.04665532082,
        13.44646536282,
        12.716518903819999,
        11.295011320819999,
        11.279187820819999,
        12.299044945819999,
        12.80125590482,
        11.34571357082,
        10.55400048782,
        13.976380403819999,
        10.753470154819999,
        12.358222528819999,
        11.562993320819999,
        12.29926882082,
        13.405642820819999,
        13.864767945819999,
        11.40297732082,
        13.25042898682,
        11.738996987819998,
        10.906386487819999,
        11.24954369582,
        11.29949927982,
        12.29143815482,
        11.23903677882,
        11.644081695819999,
        12.87184257082,
        11.96423765382,
        10.987175279819999,
        11.068596528819999,
        12.20551473782,
        11.63342723782,
        12.82578648682,
        10.68208786182,
        12.31294565382,
        11.84526582082,
        10.68544394582,
        13.277805987819999,
        11.95496123782,
        13.37967273782,
        11.18549532082,
        12.47034277882,
        12.701608195819999,
        10.61067290482,
        12.72380352882,
        12.149290904819999,
        11.39616952882,
        11.471112653819999
      ],
      "exit_codes": [
        1,
        1,
        1,
        1,
        1,
        1,
        1,
        1,
        1,
        1,
        1,
        1,
        1,
        1,
        1,
        1,
        1,
        1,
        1,
        1,
        1,
        1,
        1,
        1,
        1,
        1,
        1,
        1,
        1,
        1,
        1,
        1,
        1,
        1,
        1,
        1,
        1,
        1,
        1,
        1,
        1,
        1,
        1,
        1,
        1,
        1,
        1,
        1,
        1,
        1
      ]
    }
  ]
}
