{
  "results": [
    {
      "command": "./gradlew :dialogs:android-testify:screenshotTest",
      "mean": 8.633827114079999,
      "stddev": 1.1120635868455377,
      "median": 8.31845291748,
      "user": 0.7022970199999999,
      "system": 0.07154508000000001,
      "min": 7.40017506298,
      "max": 13.53310727098,
      "times": [
        9.24507693798,
        13.53310727098,
        10.06399047998,
        10.23401843798,
        9.18065360498,
        8.41736306298,
        8.18105077198,
        8.27034243898,
        7.63345160498,
        7.85334435498,
        7.58588202198,
        8.29191431298,
        11.32719881298,
        8.23081343798,
        7.94072397998,
        9.45433343898,
        9.34780972998,
        8.25052543798,
        7.65321547998,
        9.16292614698,
        7.62395972998,
        10.21069264598,
        9.06984102098,
        7.63586427098,
        7.89725064698,
        8.28795189698,
        8.57599022998,
        9.31948356298,
        7.80194060498,
        8.17838264698,
        7.9922383969799995,
        8.71643697998,
        7.57825868898,
        9.63344039598,
        8.93591622998,
        7.70503585498,
        7.61851868798,
        8.80918185498,
        8.47228364698,
        9.822791604979999,
        9.14332277198,
        8.34499152198,
        8.09928139598,
        8.86472981298,
        8.02318039598,
        7.60248543798,
        7.40017506298,
        7.53721181298,
        8.35524464698,
        8.57753147998
      ],
      "exit_codes": [
        1,
        1,
        1,
        1,
        1,
        1,
        1,
        1,
        1,
        1,
        1,
        1,
        1,
        1,
        1,
        1,
        1,
        1,
        1,
        1,
        1,
        1,
        1,
        1,
        1,
        1,
        1,
        1,
        1,
        1,
        1,
        1,
        1,
        1,
        1,
        1,
        1,
        1,
        1,
        1,
        1,
        1,
        1,
        1,
        1,
        1,
        1,
        1,
        1,
        1
      ]
    }
  ]
}
