{
  "results": [
    {
      "command": "./gradlew :dialogs:roborazzi:verifyRoborazziDebug",
      "mean": 7.9899145233999995,
      "stddev": 0.3340024969643171,
      "median": 7.89992562688,
      "user": 0.7039189400000003,
      "system": 0.06928286,
      "min": 7.570520230880001,
      "max": 9.79655131488,
      "times": [
        7.981568147880001,
        7.84742648088,
        7.658430855880001,
        8.770502563880001,
        7.78857268888,
        8.05685098088,
        8.178016188880001,
        7.818301772880001,
        7.77021968888,
        7.81343077188,
        7.74207527288,
        7.793970355880001,
        7.71392239788,
        7.958909897880001,
        7.841833521880001,
        8.02891606488,
        7.9838049808800005,
        7.84824860588,
        7.96759573088,
        8.055917730880001,
        7.856428188880001,
        7.9022162728800005,
        7.8026765218800005,
        7.88293735588,
        7.806173272880001,
        7.570520230880001,
        8.02687868888,
        8.07470689788,
        7.89763498088,
        7.98665418888,
        7.81255593888,
        8.10597802288,
        7.87661685588,
        8.11685268888,
        7.80551831388,
        7.723482689880001,
        7.8530687308800005,
        9.79655131488,
        8.462606730880001,
        8.12977881488,
        7.83637235588,
        8.257806439880001,
        7.860111730880001,
        8.32471423088,
        7.97975485588,
        7.99821723088,
        8.05114973088,
        8.12742581388,
        8.15105356488,
        7.80076881388
      ],
      "exit_codes": [
        1,
        1,
        1,
        1,
        1,
        1,
        1,
        1,
        1,
        1,
        1,
        1,
        1,
        1,
        1,
        1,
        1,
        1,
        1,
        1,
        1,
        1,
        1,
        1,
        1,
        1,
        1,
        1,
        1,
        1,
        1,
        1,
        1,
        1,
        1,
        1,
        1,
        1,
        1,
        1,
        1,
        1,
        1,
        1,
        1,
        1,
        1,
        1,
        1,
        1
      ]
    }
  ]
}
