{
  "results": [
    {
      "command": "./gradlew :dialogs:paparazzi:verifyPaparazziDebug",
      "mean": 4.7915354899399984,
      "stddev": 0.14661594884744505,
      "median": 4.793182230979999,
      "user": 0.6972478599999998,
      "system": 0.06405833999999999,
      "min": 4.45522204298,
      "max": 5.22802004298,
      "times": [
        4.81187608498,
        4.89561454398,
        4.61967658498,
        4.73976354398,
        4.98310937698,
        4.8610065019799995,
        4.76447512598,
        4.909324917979999,
        5.07958004298,
        4.72069291798,
        4.89675404298,
        4.68024516898,
        4.8569109599799996,
        4.887643959979999,
        4.5716414599799995,
        4.630050209979999,
        4.71807675198,
        4.68144908498,
        4.851549459979999,
        5.22802004298,
        4.70746479298,
        4.76527754298,
        4.815735000979999,
        4.88342091898,
        4.848371084979999,
        4.68854991798,
        4.521774250979999,
        4.96346166898,
        4.54441333498,
        4.94440670998,
        4.848167043979999,
        4.90427870998,
        4.95809820998,
        4.77448837698,
        4.73006254298,
        4.835136417979999,
        4.67178920998,
        4.68628962598,
        4.45522204298,
        4.864958542979999,
        4.73132370998,
        4.9060233769799995,
        4.67688883498,
        4.707550792979999,
        4.69897970998,
        4.90007625098,
        4.75307920998,
        4.87482291798,
        4.58485545998,
        4.944347501979999
      ],
      "exit_codes": [
        1,
        1,
        1,
        1,
        1,
        1,
        1,
        1,
        1,
        1,
        1,
        1,
        1,
        1,
        1,
        1,
        1,
        1,
        1,
        1,
        1,
        1,
        1,
        1,
        1,
        1,
        1,
        1,
        1,
        1,
        1,
        1,
        1,
        1,
        1,
        1,
        1,
        1,
        1,
        1,
        1,
        1,
        1,
        1,
        1,
        1,
        1,
        1,
        1,
        1
      ]
    }
  ]
}
