{
  "results": [
    {
      "command": "./gradlew :dialogs:dropshots:connectedAndroidTest",
      "mean": 12.091303572480003,
      "stddev": 1.0852115397695132,
      "median": 11.91322045846,
      "user": 0.66994948,
      "system": 0.06527546000000001,
      "min": 10.50493020896,
      "max": 15.35963699996,
      "times": [
        11.91376341696,
        12.89765999996,
        14.84085504096,
        12.048441708959999,
        12.54291308396,
        12.30004983296,
        11.40305287496,
        11.17173020896,
        12.200397083959999,
        11.42985433396,
        11.90575608296,
        10.97967824996,
        12.88219995896,
        10.85474474996,
        10.944149207959999,
        12.26348599996,
        12.43535574996,
        11.92139129196,
        11.03362191696,
        15.35963699996,
        11.91267749996,
        13.011778207959999,
        13.46967887496,
        14.67054754196,
        11.887441707959999,
        10.94628991596,
        13.82742845796,
        11.50322883396,
        10.843747582959999,
        10.50493020896,
        11.82353641696,
        12.00127574996,
        12.01594687496,
        11.876298624959999,
        11.79291829196,
        14.64040158396,
        11.96648954096,
        11.80008537496,
        12.177137541959999,
        10.60480258296,
        11.38012783296,
        12.25222608296,
        11.87035424996,
        11.48603891696,
        12.28588445796,
        12.520783290959999,
        11.33539487496,
        11.83369399996,
        10.80360329096,
        12.19169241596
      ],
      "exit_codes": [
        1,
        1,
        1,
        1,
        1,
        1,
        1,
        1,
        1,
        1,
        1,
        1,
        1,
        1,
        1,
        1,
        1,
        1,
        1,
        1,
        1,
        1,
        1,
        1,
        1,
        1,
        1,
        1,
        1,
        1,
        1,
        1,
        1,
        1,
        1,
        1,
        1,
        1,
        1,
        1,
        1,
        1,
        1,
        1,
        1,
        1,
        1,
        1,
        1,
        1
      ]
    }
  ]
}
