{
  "results": [
    {
      "command": "./gradlew :recyclerviewscreen:dropshots:connectedAndroidTest -Pdropshots.record",
      "mean": 80.71342826326,
      "stddev": 58.63438471933607,
      "median": 78.96202040448,
      "user": 0.84605238,
      "system": 0.1217573,
      "min": 20.55302238298,
      "max": 381.52416250798,
      "times": [
        71.50382717498,
        102.18792534198,
        45.50348359098,
        21.620093590979998,
        20.55302238298,
        43.11082896598,
        93.49320104998,
        91.43941279998,
        48.95356038298,
        79.70904713398001,
        36.44436721698,
        46.22576771698,
        21.85698929998,
        100.56306517498001,
        80.39334725798001,
        80.28088317498,
        49.84995013298,
        89.61878267498001,
        51.78072575898,
        45.53101471598,
        85.95524442498001,
        50.48681338398,
        78.21499367498001,
        145.49824317498002,
        381.52416250798,
        231.30811850798,
        21.30538950798,
        23.66940038298,
        92.28893950798,
        52.09945463398,
        44.33008642498,
        74.84359359198001,
        176.38240096598,
        53.95627692498,
        102.72439067498,
        76.64256917498001,
        48.03959700898,
        27.05101742498,
        84.48221425798,
        93.81684279998001,
        88.60297496598001,
        120.62319359198001,
        81.25434984198,
        88.75621146698,
        102.49066629998,
        106.01890100798,
        47.15723488298,
        88.79087471598001,
        54.56483429998,
        92.17312759198
      ],
      "exit_codes": [
        0,
        0,
        0,
        0,
        0,
        0,
        0,
        0,
        0,
        0,
        0,
        0,
        0,
        0,
        0,
        0,
        0,
        0,
        0,
        0,
        0,
        0,
        0,
        0,
        0,
        0,
        0,
        0,
        0,
        0,
        0,
        0,
        0,
        0,
        0,
        0,
        0,
        0,
        0,
        0,
        0,
        0,
        0,
        0,
        0,
        0,
        0,
        0,
        0,
        0
      ]
    }
  ]
}
