{
  "results": [
    {
      "command": "./gradlew :dialogs:paparazzi:verifyPaparazziDebug",
      "mean": 0.7601606273200006,
      "stddev": 0.0987296916567923,
      "median": 0.7234008416000001,
      "user": 0.6046146199999998,
      "system": 0.05295584000000002,
      "min": 0.6751516951000001,
      "max": 1.2053765290999998,
      "times": [
        0.7081339871000001,
        0.7889388621000001,
        0.6831091121,
        0.7416474871000001,
        0.8915629461000001,
        0.9385209461000001,
        0.7887009461000001,
        0.7738824451,
        0.9390056541000001,
        0.8971569041,
        1.2053765290999998,
        0.8192812791,
        0.9063670711000001,
        0.9126765291000001,
        0.7384070291000001,
        0.8689568211,
        0.7433895291000001,
        0.8020850701000001,
        0.8385978201000001,
        0.6963184041000001,
        0.6973775291000001,
        0.7222381541,
        0.7027762791000001,
        0.7034599041,
        0.7697181951000001,
        0.6819672791000001,
        0.7165965701000001,
        0.7741970711000001,
        0.7245635291000001,
        0.6986022371,
        0.7200582371,
        0.6864978631,
        0.7508995291000001,
        0.6832247371000001,
        0.6866426961000001,
        0.7372287371,
        0.7212320291000001,
        0.6861310711,
        0.7577664451000001,
        0.6751516951000001,
        0.6895031121,
        0.7273947791,
        0.6870226541000001,
        0.7523070291,
        0.7119002791000001,
        0.6884376541000001,
        0.7102742371,
        0.6798682371000001,
        0.6796203621000001,
        0.7032578621000001
      ],
      "exit_codes": [
        0,
        0,
        0,
        0,
        0,
        0,
        0,
        0,
        0,
        0,
        0,
        0,
        0,
        0,
        0,
        0,
        0,
        0,
        0,
        0,
        0,
        0,
        0,
        0,
        0,
        0,
        0,
        0,
        0,
        0,
        0,
        0,
        0,
        0,
        0,
        0,
        0,
        0,
        0,
        0,
        0,
        0,
        0,
        0,
        0,
        0,
        0,
        0,
        0,
        0
      ]
    }
  ]
}
