{
  "results": [
    {
      "command": "./gradlew :dialogs:shot:executeScreenshotTests",
      "mean": 11.87204471674,
      "stddev": 1.2113787098168007,
      "median": 11.7347517097,
      "user": 0.66758132,
      "system": 0.06915858000000001,
      "min": 9.709850335699999,
      "max": 15.4916718767,
      "times": [
        11.8862997937,
        13.334226210699999,
        11.7606604607,
        10.6747969597,
        11.2474756267,
        11.7778037937,
        13.0798573767,
        10.1235991677,
        10.1699894607,
        13.5354330017,
        14.1854775847,
        13.0410155437,
        10.8985569597,
        12.6486802927,
        12.5067375017,
        11.8233315017,
        10.2413438767,
        10.9972174177,
        9.709850335699999,
        11.7205216267,
        11.099008335699999,
        11.4099898357,
        13.3664500427,
        12.086445293699999,
        11.729794501699999,
        11.7259588767,
        13.1803526267,
        12.7155095437,
        10.8540471267,
        10.460354043699999,
        10.7269447927,
        13.594131876699999,
        10.574785001699999,
        14.5221064177,
        13.216426501699999,
        11.5817141687,
        12.446828585699999,
        10.7391347097,
        15.4916718767,
        11.7405061687,
        11.8176585437,
        11.2983060857,
        10.6691800017,
        11.9363484597,
        11.3190856687,
        11.2347214597,
        11.7397089177,
        11.883171876699999,
        11.638536584699999,
        11.4404834187
      ],
      "exit_codes": [
        0,
        0,
        0,
        0,
        0,
        0,
        0,
        0,
        0,
        0,
        0,
        0,
        0,
        0,
        0,
        0,
        0,
        0,
        0,
        0,
        0,
        0,
        0,
        0,
        0,
        0,
        0,
        0,
        0,
        0,
        0,
        0,
        0,
        0,
        0,
        0,
        0,
        0,
        0,
        0,
        0,
        0,
        0,
        0,
        0,
        0,
        0,
        0,
        0,
        0
      ]
    }
  ]
}
