{
  "results": [
    {
      "command": "./gradlew :dialogs:android-testify:screenshotTest",
      "mean": 6.194298660900001,
      "stddev": 0.9992164892854912,
      "median": 5.807018450600001,
      "user": 0.6855299200000001,
      "system": 0.07122684,
      "min": 5.247108492600001,
      "max": 9.8980876176,
      "times": [
        7.778496784600001,
        7.6187374516,
        7.450081492600001,
        9.8980876176,
        8.5657387426,
        6.654232367600001,
        6.7451112006,
        6.508513825600001,
        6.2732454086,
        5.9228420756,
        6.2146931176,
        6.4300262006,
        7.105296158600001,
        5.8410157836000005,
        8.2049968256,
        7.1630792426,
        7.265629034600001,
        6.4122332016,
        6.7652147006000005,
        5.773021117600001,
        6.279005409600001,
        5.372821950600001,
        5.404134158600001,
        5.631921284600001,
        5.7441334926000005,
        5.592050950600001,
        5.338121617600001,
        5.247108492600001,
        5.371134367600001,
        5.3945522426000005,
        5.3346333676,
        5.275054159600001,
        5.351478617600001,
        5.578068201600001,
        5.5457080756,
        5.2824161586,
        5.3977855756,
        5.4992566596,
        7.1949011586000005,
        5.753128992600001,
        5.295469367600001,
        5.877462283600001,
        5.593863450600001,
        5.423780450600001,
        6.7315227016,
        5.5887613266,
        6.2318565346,
        5.3671079516,
        5.856742409600001,
        5.5706592846000005
      ],
      "exit_codes": [
        0,
        0,
        0,
        0,
        0,
        0,
        0,
        0,
        0,
        0,
        0,
        0,
        0,
        0,
        0,
        0,
        0,
        0,
        0,
        0,
        0,
        0,
        0,
        0,
        0,
        0,
        0,
        0,
        0,
        0,
        0,
        0,
        0,
        0,
        0,
        0,
        0,
        0,
        0,
        0,
        0,
        0,
        0,
        0,
        0,
        0,
        0,
        0,
        0,
        0
      ]
    }
  ]
}
