{
  "results": [
    {
      "command": "./gradlew :dialogs:dropshots:connectedAndroidTest",
      "mean": 13.24990327328,
      "stddev": 1.2029788166178874,
      "median": 13.00436404168,
      "user": 0.67228528,
      "system": 0.06970554,
      "min": 11.411019812180001,
      "max": 17.03304139518,
      "times": [
        14.26175381318,
        12.808707271180001,
        12.772013104180001,
        16.16993068818,
        13.947821771180001,
        15.93674856218,
        13.59141602118,
        13.35393485418,
        13.926204229180001,
        12.64165131218,
        12.984575812180001,
        14.86916285418,
        13.22060077018,
        14.00389931218,
        11.72943585418,
        11.411019812180001,
        13.78562693718,
        12.10139368718,
        12.46688389518,
        12.30977581318,
        12.894364104180001,
        13.07459347918,
        14.31828064618,
        12.736332562180001,
        12.58546793718,
        14.04091552018,
        11.89680668718,
        12.46562335418,
        12.578821729180001,
        13.13865193818,
        13.02415227118,
        12.80635122918,
        11.87190081218,
        12.35386718818,
        13.87971739518,
        13.13805839618,
        17.03304139518,
        13.635619979180001,
        12.798119146180001,
        15.074829770180001,
        15.39845477018,
        13.59770485418,
        13.87652889518,
        11.83688989618,
        11.61819089618,
        12.713374812180001,
        12.03409039618,
        12.503117020180001,
        13.12294685418,
        12.15579335418
      ],
      "exit_codes": [
        0,
        0,
        0,
        0,
        0,
        0,
        0,
        0,
        0,
        0,
        0,
        0,
        0,
        0,
        0,
        0,
        0,
        0,
        0,
        0,
        0,
        0,
        0,
        0,
        0,
        0,
        0,
        0,
        0,
        0,
        0,
        0,
        0,
        0,
        0,
        0,
        0,
        0,
        0,
        0,
        0,
        0,
        0,
        0,
        0,
        0,
        0,
        0,
        0,
        0
      ]
    }
  ]
}
