{
  "results": [
    {
      "command": "./gradlew :dialogs:roborazzi:verifyRoborazziDebug",
      "mean": 6.957243104159999,
      "stddev": 0.7010181876531147,
      "median": 6.74126477418,
      "user": 0.7154123200000001,
      "system": 0.07140026000000001,
      "min": 6.17296575368,
      "max": 9.363428044680001,
      "times": [
        6.95718650368,
        9.363428044680001,
        7.75402254468,
        8.953848002680001,
        7.56366637768,
        6.98198121168,
        7.13260654568,
        6.43761854568,
        6.91940208668,
        8.44613079468,
        7.69187208668,
        7.25538766968,
        6.47640491968,
        6.7370203786800005,
        6.90313791968,
        6.55245825368,
        6.47608150368,
        6.86006525368,
        6.46219404468,
        7.06287379468,
        7.9548444196800006,
        7.29009404468,
        6.39675296168,
        6.9756653366800006,
        6.74550916968,
        6.46215533668,
        6.85599129468,
        6.52788800368,
        8.03906662768,
        7.26130975368,
        8.27701458668,
        6.80276058668,
        6.17296575368,
        7.00030750368,
        6.61565896168,
        6.66690325368,
        6.28971904568,
        6.57479241968,
        6.45963946168,
        6.58725196168,
        6.3418333786800005,
        6.70555846168,
        6.36388366968,
        6.52036296168,
        6.23945404468,
        6.56289287868,
        6.25070725268,
        6.5694934616800005,
        6.57060550368,
        6.79368662868
      ],
      "exit_codes": [
        0,
        0,
        0,
        0,
        0,
        0,
        0,
        0,
        0,
        0,
        0,
        0,
        0,
        0,
        0,
        0,
        0,
        0,
        0,
        0,
        0,
        0,
        0,
        0,
        0,
        0,
        0,
        0,
        0,
        0,
        0,
        0,
        0,
        0,
        0,
        0,
        0,
        0,
        0,
        0,
        0,
        0,
        0,
        0,
        0,
        0,
        0,
        0,
        0,
        0
      ]
    }
  ]
}
