{
  "results": [
    {
      "command": "./gradlew :dialogs:android-testify:screenshotRecord",
      "mean": 5.571877678340001,
      "stddev": 0.34535561725374414,
      "median": 5.506528554640001,
      "user": 0.65392,
      "system": 0.06106136000000001,
      "min": 5.168931784140001,
      "max": 7.174490076140001,
      "times": [
        5.877439159140001,
        5.81628915914,
        5.60335599214,
        5.33519361814,
        5.36517999214,
        5.397867784140001,
        5.18920070114,
        5.168931784140001,
        5.343208409140001,
        5.547203076140001,
        5.321875326140001,
        5.54043303414,
        5.257862659140001,
        5.52049824214,
        6.238853451140001,
        7.174490076140001,
        5.650866451140001,
        6.04456024214,
        5.93643615914,
        6.17332086714,
        5.962478159140001,
        5.7271259501400005,
        5.68290145114,
        5.630492284140001,
        5.40141678414,
        5.47513082614,
        5.70910311814,
        5.57416536714,
        5.45336390914,
        5.596533909140001,
        5.4925588671400005,
        5.48531470114,
        5.398530201140001,
        5.584734576140001,
        5.56784257614,
        5.388644993140001,
        5.3571445761400005,
        5.23848286714,
        5.44819040914,
        5.23561253414,
        5.210204200140001,
        5.32837949214,
        5.35422595114,
        5.2820484511400005,
        5.5441604921400005,
        6.0847325341400005,
        5.5858272841400005,
        5.5331481171400005,
        5.31447315914,
        5.4438499921400005
      ],
      "exit_codes": [
        0,
        0,
        0,
        0,
        0,
        0,
        0,
        0,
        0,
        0,
        0,
        0,
        0,
        0,
        0,
        0,
        0,
        0,
        0,
        0,
        0,
        0,
        0,
        0,
        0,
        0,
        0,
        0,
        0,
        0,
        0,
        0,
        0,
        0,
        0,
        0,
        0,
        0,
        0,
        0,
        0,
        0,
        0,
        0,
        0,
        0,
        0,
        0,
        0,
        0
      ]
    }
  ]
}
