{
  "results": [
    {
      "command": "./gradlew :dialogs:dropshots:connectedAndroidTest -Pdropshots.record",
      "mean": 12.80429475756,
      "stddev": 1.098905100486978,
      "median": 12.583940215039998,
      "user": 0.6550478399999998,
      "system": 0.06301152000000002,
      "min": 11.31693931954,
      "max": 16.98748927754,
      "times": [
        16.98748927754,
        11.86885027754,
        11.35180556954,
        13.012916902539999,
        12.08266906954,
        12.418958611539999,
        12.06096240254,
        13.401633110539999,
        13.27221006954,
        13.40767231854,
        13.81560336154,
        11.722658485539998,
        12.00712698554,
        12.42039661054,
        11.71070019454,
        12.48810069454,
        12.999197943539999,
        14.35097386054,
        12.01367027754,
        11.834155319539999,
        12.962674527539999,
        13.48372794454,
        14.29456269354,
        13.002875443539999,
        13.311268194539998,
        12.06216390254,
        12.59661240254,
        13.010289986539998,
        11.31693931954,
        13.260514985539999,
        11.521713652539999,
        12.582840486539999,
        14.81758727754,
        15.90746981954,
        12.08457298554,
        12.53085723554,
        12.792704111539999,
        12.41068511054,
        12.128470735539999,
        12.58503994354,
        11.507080819539999,
        12.85180644454,
        13.046606236539999,
        14.127984694539999,
        13.376633611539999,
        12.477586235539999,
        12.605992860539999,
        11.85291165254,
        12.169557360539999,
        12.30725586054
      ],
      "exit_codes": [
        0,
        0,
        0,
        0,
        0,
        0,
        0,
        0,
        0,
        0,
        0,
        0,
        0,
        0,
        0,
        0,
        0,
        0,
        0,
        0,
        0,
        0,
        0,
        0,
        0,
        0,
        0,
        0,
        0,
        0,
        0,
        0,
        0,
        0,
        0,
        0,
        0,
        0,
        0,
        0,
        0,
        0,
        0,
        0,
        0,
        0,
        0,
        0,
        0,
        0
      ]
    }
  ]
}
