{
  "results": [
    {
      "command": "./gradlew :dialogs:paparazzi:recordPaparazziDebug",
      "mean": 0.7588354807200001,
      "stddev": 0.060480990090000596,
      "median": 0.7363025137200001,
      "user": 0.6062595000000001,
      "system": 0.05252991999999999,
      "min": 0.69256930522,
      "max": 0.9475265552200001,
      "times": [
        0.82651776322,
        0.75771551322,
        0.86345843022,
        0.72381047222,
        0.71650972122,
        0.79715280522,
        0.74902551322,
        0.72094438822,
        0.77525509622,
        0.72046559622,
        0.71272326322,
        0.73532843022,
        0.72859776322,
        0.79753580522,
        0.70460772122,
        0.72524426322,
        0.74063284622,
        0.71988230422,
        0.75979851322,
        0.70165293022,
        0.71552176322,
        0.93309122122,
        0.73727659722,
        0.76012551322,
        0.91578176322,
        0.71351997122,
        0.76032034622,
        0.71462701322,
        0.73328972222,
        0.70501992922,
        0.72844892922,
        0.84163638822,
        0.76560072122,
        0.78920947122,
        0.69256930522,
        0.80693855522,
        0.9475265552200001,
        0.76789243022,
        0.84752630422,
        0.73053168022,
        0.77187826322,
        0.72009718022,
        0.70297509722,
        0.79533268022,
        0.69415609622,
        0.75327080522,
        0.72408901322,
        0.70427480422,
        0.77879338822,
        0.71359338822
      ],
      "exit_codes": [
        0,
        0,
        0,
        0,
        0,
        0,
        0,
        0,
        0,
        0,
        0,
        0,
        0,
        0,
        0,
        0,
        0,
        0,
        0,
        0,
        0,
        0,
        0,
        0,
        0,
        0,
        0,
        0,
        0,
        0,
        0,
        0,
        0,
        0,
        0,
        0,
        0,
        0,
        0,
        0,
        0,
        0,
        0,
        0,
        0,
        0,
        0,
        0,
        0,
        0
      ]
    }
  ]
}
