{
  "results": [
    {
      "command": "./gradlew :dialogs:roborazzi:recordRoborazziDebug",
      "mean": 6.834401005859998,
      "stddev": 0.6415470832783414,
      "median": 6.6497465525,
      "user": 0.7117298799999999,
      "system": 0.07220974000000002,
      "min": 6.1287544275,
      "max": 8.827008885500002,
      "times": [
        6.3446551355,
        6.4392865525,
        6.6976033025,
        6.5273344685,
        8.4202768025,
        7.5516728855,
        6.6372156775,
        6.2454328855,
        6.6579286775,
        7.4593748445,
        6.3886582195,
        7.4593098435,
        7.4330220525,
        6.8757828025,
        7.6514348025,
        7.6475684695,
        6.8361717605,
        6.8807216775,
        6.8386547605,
        6.2975094685,
        6.6415644275,
        6.7225033445,
        6.1964522195,
        6.7176150525,
        7.2347238855,
        6.3380109695,
        8.091225344500002,
        6.5537448445,
        7.2773112195000005,
        7.0498331365,
        6.7004423855,
        6.2134499695,
        8.3513840525,
        6.7533830525,
        6.9696527605,
        7.4063155945,
        8.827008885500002,
        6.5997057195,
        6.5475391355,
        6.2764744695,
        6.1287544275,
        6.3294853865,
        6.3169460525,
        6.1637899275,
        6.3476604695,
        6.2370477185,
        6.4738453445,
        6.3789092615,
        6.3675634275,
        6.2180927195
      ],
      "exit_codes": [
        0,
        0,
        0,
        0,
        0,
        0,
        0,
        0,
        0,
        0,
        0,
        0,
        0,
        0,
        0,
        0,
        0,
        0,
        0,
        0,
        0,
        0,
        0,
        0,
        0,
        0,
        0,
        0,
        0,
        0,
        0,
        0,
        0,
        0,
        0,
        0,
        0,
        0,
        0,
        0,
        0,
        0,
        0,
        0,
        0,
        0,
        0,
        0,
        0,
        0
      ]
    }
  ]
}
