{
  "results": [
    {
      "command": "./gradlew :dialogs:shot:executeScreenshotTests -Precord",
      "mean": 10.367988474219999,
      "stddev": 1.158986419945161,
      "median": 10.0638300684,
      "user": 0.69564714,
      "system": 0.06987284000000002,
      "min": 9.009851360399999,
      "max": 15.104931109399999,
      "times": [
        11.0644486524,
        10.1606895264,
        11.5671626514,
        10.2659646104,
        10.7604941104,
        10.4200346094,
        9.3523958184,
        12.750870235399999,
        9.4256754854,
        9.4463257354,
        9.1070910274,
        11.8550875684,
        10.0220890684,
        10.5549358594,
        10.061164568399999,
        9.5740114434,
        9.4924860684,
        9.2288559434,
        9.5584326104,
        10.504395860399999,
        9.2262020274,
        10.0664955684,
        9.8384831934,
        9.6730634854,
        10.5664079434,
        9.1124647774,
        10.940757443399999,
        10.6150975264,
        10.5222351514,
        10.771771359399999,
        10.492143734399999,
        11.4813496524,
        10.0397305264,
        9.7969688184,
        12.6728509434,
        11.6851159434,
        15.104931109399999,
        9.8962644014,
        12.9631709434,
        10.3938224434,
        9.9794382764,
        9.8517704434,
        9.3576769844,
        10.0802169434,
        9.7098261104,
        9.677365651399999,
        9.009851360399999,
        10.3258384844,
        9.9477612354,
        9.4277397764
      ],
      "exit_codes": [
        0,
        0,
        0,
        0,
        0,
        0,
        0,
        0,
        0,
        0,
        0,
        0,
        0,
        0,
        0,
        0,
        0,
        0,
        0,
        0,
        0,
        0,
        0,
        0,
        0,
        0,
        0,
        0,
        0,
        0,
        0,
        0,
        0,
        0,
        0,
        0,
        0,
        0,
        0,
        0,
        0,
        0,
        0,
        0,
        0,
        0,
        0,
        0,
        0,
        0
      ]
    }
  ]
}
