{
  "results": [
    {
      "command": "./gradlew :lazycolumnscreen:dropshots:connectedAndroidTest -Pdropshots.record",
      "mean": 27.70869864168,
      "stddev": 2.6144320599082946,
      "median": 26.811323784179997,
      "user": 0.6994798799999998,
      "system": 0.08314543999999997,
      "min": 24.670266638679998,
      "max": 34.606009096680005,
      "times": [
        26.318349513679998,
        25.522701680679997,
        27.31921138868,
        26.87133630468,
        27.68895147168,
        24.713697055679997,
        25.08557343068,
        27.847732346679997,
        26.319627471679997,
        29.78750980468,
        29.70298634668,
        32.90576509668,
        25.47541630468,
        25.742801263679997,
        29.902111637679997,
        32.979314846680005,
        26.387015555679998,
        26.480508263679997,
        26.751311263679998,
        25.30626538768,
        25.643865596679998,
        25.913061971679998,
        24.670266638679998,
        26.00297705468,
        25.227042304679998,
        26.229693221679998,
        25.78077201368,
        25.834010971679998,
        27.05630334668,
        25.754372137679997,
        30.64172072168,
        31.80901063868,
        25.55310517968,
        25.98801497168,
        29.89209484668,
        26.921337471679998,
        26.446891512679997,
        27.59634709668,
        34.31160042968,
        32.710509637680005,
        27.33543984668,
        28.94156922168,
        27.76041938768,
        25.29222351368,
        25.572655513679997,
        27.39774997168,
        34.606009096680005,
        28.81137805568,
        29.94580701268,
        30.68049626368
      ],
      "exit_codes": [
        0,
        0,
        0,
        0,
        0,
        0,
        0,
        0,
        0,
        0,
        0,
        0,
        0,
        0,
        0,
        0,
        0,
        0,
        0,
        0,
        0,
        0,
        0,
        0,
        0,
        0,
        0,
        0,
        0,
        0,
        0,
        0,
        0,
        0,
        0,
        0,
        0,
        0,
        0,
        0,
        0,
        0,
        0,
        0,
        0,
        0,
        0,
        0,
        0,
        0
      ]
    }
  ]
}
