{
  "results": [
    {
      "command": "./gradlew :lazycolumnscreen:paparazzi:recordPaparazziDebug",
      "mean": 0.89401940256,
      "stddev": 0.23289007416688856,
      "median": 0.85480764584,
      "user": 0.6176733799999997,
      "system": 0.055749939999999984,
      "min": 0.76135072984,
      "max": 2.38997189584,
      "times": [
        0.82735252084,
        0.88346960484,
        0.79256956284,
        0.90476385384,
        0.81096564584,
        0.79445122984,
        0.82928956184,
        0.82431797984,
        0.79656043784,
        0.84630068784,
        0.89398243784,
        2.38997189584,
        0.9295397708400001,
        0.87849318784,
        0.87334539584,
        0.8987067708400001,
        0.86920222884,
        0.91122414584,
        0.77679914584,
        0.90443164584,
        0.87905860384,
        0.88216372984,
        0.85722727084,
        0.78462581284,
        0.83744181284,
        0.81586206184,
        0.79430177084,
        0.96534443684,
        0.88097477084,
        0.85238802084,
        0.83837660384,
        0.77183627084,
        0.78368252084,
        0.83738343784,
        0.76135072984,
        0.84793314584,
        0.82608497884,
        0.91827822984,
        0.95341227084,
        0.92527943784,
        0.93703127084,
        0.86900802084,
        0.78177168784,
        0.84367814584,
        0.81741264584,
        0.85948635484,
        0.81781868684,
        0.89762018684,
        1.35940227084,
        0.86899722884
      ],
      "exit_codes": [
        0,
        0,
        0,
        0,
        0,
        0,
        0,
        0,
        0,
        0,
        0,
        0,
        0,
        0,
        0,
        0,
        0,
        0,
        0,
        0,
        0,
        0,
        0,
        0,
        0,
        0,
        0,
        0,
        0,
        0,
        0,
        0,
        0,
        0,
        0,
        0,
        0,
        0,
        0,
        0,
        0,
        0,
        0,
        0,
        0,
        0,
        0,
        0,
        0,
        0
      ]
    }
  ]
}
