{
  "results": [
    {
      "command": "./gradlew :lazycolumnscreen:android-testify:screenshotRecord",
      "mean": 16.14678780832,
      "stddev": 2.3888983550528535,
      "median": 15.53621900952,
      "user": 0.69878334,
      "system": 0.08095714,
      "min": 13.027012551519999,
      "max": 21.93806646752,
      "times": [
        15.877923550519998,
        15.80066634252,
        17.31872821752,
        16.400438217519998,
        15.40650034252,
        15.14342725952,
        13.58770592652,
        13.62280371752,
        14.26152563352,
        19.84354917552,
        13.163271842519999,
        15.18237988352,
        20.324530842519998,
        14.56279671752,
        18.93935038352,
        19.39379684252,
        20.48348388452,
        13.84475146752,
        14.76319121752,
        14.76211880052,
        14.24499288352,
        14.41503609252,
        13.62085759252,
        13.679024717519999,
        18.848531133519998,
        13.239415592519999,
        14.16982821752,
        14.45718300952,
        13.027012551519999,
        13.93624238452,
        18.153951884519998,
        14.379421342519999,
        14.00508600952,
        19.86667271752,
        16.08459867652,
        15.958847884519999,
        15.911742842519999,
        15.33830038452,
        19.57230955052,
        18.23968900852,
        21.93806646752,
        18.22086450852,
        16.28300917552,
        14.48555755052,
        15.665937676519999,
        16.557731050519997,
        15.68189563452,
        19.62917521752,
        14.83679980052,
        20.20866859252
      ],
      "exit_codes": [
        0,
        0,
        0,
        0,
        0,
        0,
        0,
        0,
        0,
        0,
        0,
        0,
        0,
        0,
        0,
        0,
        0,
        0,
        0,
        0,
        0,
        0,
        0,
        0,
        0,
        0,
        0,
        0,
        0,
        0,
        0,
        0,
        0,
        0,
        0,
        0,
        0,
        0,
        0,
        0,
        0,
        0,
        0,
        0,
        0,
        0,
        0,
        0,
        0,
        0
      ]
    }
  ]
}
