{
  "results": [
    {
      "command": "./gradlew :lazycolumnscreen:shot:executeScreenshotTests -Precord",
      "mean": 16.701249553440004,
      "stddev": 1.6589556928949842,
      "median": 16.29932738036,
      "user": 0.6871524600000001,
      "system": 0.07756666,
      "min": 14.526199567859999,
      "max": 21.93848910886,
      "times": [
        18.32369094286,
        21.819892650859998,
        15.04135648486,
        16.703334150859998,
        14.754108067859999,
        15.16734619186,
        18.24150194286,
        16.59649394286,
        15.37004902586,
        14.526199567859999,
        15.73074252586,
        16.13353073486,
        18.45364660886,
        16.35714160986,
        17.64447985986,
        16.019394275859998,
        15.23828077586,
        17.67856202586,
        15.97206665086,
        19.17527065086,
        21.93848910886,
        19.33982640086,
        14.863124192859999,
        15.36162231786,
        17.73382110886,
        16.47085085986,
        15.06710044286,
        14.60565956786,
        19.04811881686,
        18.72724031786,
        16.99445790086,
        16.14605569286,
        17.47043594186,
        15.93213706686,
        15.54866469286,
        15.53887269286,
        16.45677073386,
        17.35858531786,
        15.17567394286,
        15.38022835886,
        15.85696135886,
        17.79192635986,
        14.93469365086,
        16.87741948386,
        17.08671365086,
        16.66785669286,
        16.17960835886,
        16.02396835986,
        16.24151315086,
        17.29699244186
      ],
      "exit_codes": [
        0,
        0,
        0,
        0,
        0,
        0,
        0,
        0,
        0,
        0,
        0,
        0,
        0,
        0,
        0,
        0,
        0,
        0,
        0,
        0,
        0,
        0,
        0,
        0,
        0,
        0,
        0,
        0,
        0,
        0,
        0,
        0,
        0,
        0,
        0,
        0,
        0,
        0,
        0,
        0,
        0,
        0,
        0,
        0,
        0,
        0,
        0,
        0,
        0,
        0
      ]
    }
  ]
}
