{
  "results": [
    {
      "command": "./gradlew :lazycolumnscreen:roborazzi:recordRoborazziDebug",
      "mean": 8.49214041572,
      "stddev": 0.15943791918500885,
      "median": 8.449100703100001,
      "user": 0.71643584,
      "system": 0.06998557999999998,
      "min": 8.2192625151,
      "max": 8.9066785991,
      "times": [
        8.8921891821,
        8.4606258491,
        8.3886663901,
        8.3151101831,
        8.5373053911,
        8.4290583911,
        8.4001332241,
        8.4123413491,
        8.7530691411,
        8.5851998071,
        8.4264826401,
        8.4547698071,
        8.4268203911,
        8.2888824321,
        8.4307927241,
        8.9066785991,
        8.5655335151,
        8.4483440991,
        8.383415724099999,
        8.5167596821,
        8.3711483071,
        8.506971224099999,
        8.4409518491,
        8.7680473911,
        8.5366394331,
        8.4526867241,
        8.324727641099999,
        8.4675601821,
        8.2565803901,
        8.544250974099999,
        8.6493426821,
        8.6863593901,
        8.487487890099999,
        8.4419646821,
        8.4498573071,
        8.3642605991,
        8.2192625151,
        8.3421414331,
        8.8755523491,
        8.6755256411,
        8.6179090581,
        8.4197758911,
        8.5339553071,
        8.347897141099999,
        8.424185099099999,
        8.4839591831,
        8.3551317661,
        8.751509390099999,
        8.3834350571,
        8.4057657661
      ],
      "exit_codes": [
        0,
        0,
        0,
        0,
        0,
        0,
        0,
        0,
        0,
        0,
        0,
        0,
        0,
        0,
        0,
        0,
        0,
        0,
        0,
        0,
        0,
        0,
        0,
        0,
        0,
        0,
        0,
        0,
        0,
        0,
        0,
        0,
        0,
        0,
        0,
        0,
        0,
        0,
        0,
        0,
        0,
        0,
        0,
        0,
        0,
        0,
        0,
        0,
        0,
        0
      ]
    }
  ]
}
