{
  "results": [
    {
      "command": "./gradlew :recyclerviewscreen:roborazzi:recordRoborazziDebug",
      "mean": 9.285584954159999,
      "stddev": 0.15779548123028678,
      "median": 9.255683027899998,
      "user": 0.72596412,
      "system": 0.07262778000000002,
      "min": 8.8688172159,
      "max": 9.598106465899999,
      "times": [
        9.584557882899999,
        9.365636090899999,
        9.438310423899999,
        9.3011974239,
        9.5202402569,
        9.4556984659,
        9.408109465899999,
        9.4885104659,
        9.4406567579,
        9.4630719239,
        9.4227458409,
        9.598106465899999,
        9.4543962579,
        9.476640506899999,
        9.4827003829,
        9.4619109659,
        9.3272232989,
        9.204120007899999,
        9.066294340899999,
        9.0784095069,
        9.2439564659,
        9.170243340899999,
        9.268840340899999,
        9.1581916329,
        9.2124936329,
        8.9918008409,
        9.3588919659,
        9.2340790499,
        9.407764006899999,
        8.8688172159,
        9.1728545909,
        9.2048302159,
        9.263639631899999,
        9.103941965899999,
        9.110177756899999,
        9.229041215899999,
        9.105983007899999,
        9.1758567569,
        9.2702796739,
        9.2477264239,
        9.1527176329,
        9.183375548899999,
        9.2337553409,
        9.2182323829,
        9.242190299899999,
        9.1614794659,
        9.1896087989,
        9.2818893819,
        9.292994798899999,
        9.485057590899999
      ],
      "exit_codes": [
        0,
        0,
        0,
        0,
        0,
        0,
        0,
        0,
        0,
        0,
        0,
        0,
        0,
        0,
        0,
        0,
        0,
        0,
        0,
        0,
        0,
        0,
        0,
        0,
        0,
        0,
        0,
        0,
        0,
        0,
        0,
        0,
        0,
        0,
        0,
        0,
        0,
        0,
        0,
        0,
        0,
        0,
        0,
        0,
        0,
        0,
        0,
        0,
        0,
        0
      ]
    }
  ]
}
