{
  "results": [
    {
      "command": "./gradlew :recyclerview:android-testify:screenshotRecord",
      "mean": 9.991549612599997,
      "stddev": 0.5938529160479626,
      "median": 9.76078420284,
      "user": 0.6684497000000001,
      "system": 0.06663017999999998,
      "min": 9.240465557339999,
      "max": 11.66463739034,
      "times": [
        9.78975534834,
        10.15055593234,
        9.83132684834,
        9.55318089034,
        9.52093705634,
        10.51869380734,
        9.43532189034,
        9.390116765339998,
        9.72169797334,
        9.80850655734,
        10.508865306339999,
        10.50064876534,
        9.71171297334,
        11.29312193134,
        11.02869251434,
        9.97012330734,
        9.633749848339999,
        9.73181305734,
        10.653706056339999,
        10.62361593134,
        9.866655265339999,
        9.62044355734,
        9.455149389339999,
        9.56830668134,
        10.54110230634,
        11.33696055634,
        9.79895618134,
        9.37413101434,
        9.96556572334,
        9.423667973339999,
        9.48710405734,
        10.79964426534,
        10.51112843134,
        9.63179701534,
        9.672915098339999,
        9.606249390339999,
        9.69711297334,
        9.627234098339999,
        9.65922905734,
        9.79107826534,
        9.878599140339999,
        11.259929223339999,
        11.66463739034,
        10.456440681339998,
        9.95098239034,
        9.240465557339999,
        9.55962872334,
        9.453851390339999,
        9.639021848339999,
        9.663350223339998
      ],
      "exit_codes": [
        0,
        0,
        0,
        0,
        0,
        0,
        0,
        0,
        0,
        0,
        0,
        0,
        0,
        0,
        0,
        0,
        0,
        0,
        0,
        0,
        0,
        0,
        0,
        0,
        0,
        0,
        0,
        0,
        0,
        0,
        0,
        0,
        0,
        0,
        0,
        0,
        0,
        0,
        0,
        0,
        0,
        0,
        0,
        0,
        0,
        0,
        0,
        0,
        0,
        0
      ]
    }
  ]
}
