{
  "results": [
    {
      "command": "./gradlew :recyclerviewscreen:paparazzi:recordPaparazziDebug",
      "mean": 0.79980103826,
      "stddev": 0.18118184790448044,
      "median": 0.76183525478,
      "user": 0.6166229400000001,
      "system": 0.056494019999999985,
      "min": 0.7226245462800001,
      "max": 2.01435292128,
      "times": [
        0.8964874212800001,
        0.82204742228,
        0.8032493382800001,
        0.8123954212800001,
        0.9025476292800001,
        0.7932675882800001,
        0.77497571328,
        0.76420675528,
        0.7682186712800001,
        0.7610379222800001,
        0.7986773802800001,
        2.01435292128,
        0.8735277972800001,
        0.9057094222800001,
        0.8618297962800001,
        0.8204810882800001,
        0.76277300428,
        0.7818734632800001,
        0.79785129728,
        0.7896077132800001,
        0.7659818382800001,
        0.7497760472800001,
        0.7754741712800001,
        0.74809421328,
        0.7622234212800001,
        0.7693714632800001,
        0.7483152552800001,
        0.7524611292800001,
        0.7907698382800001,
        0.7944756712800001,
        0.7459197552800001,
        0.7522953802800001,
        0.7303483382800001,
        0.7301815882800001,
        0.7570525052800001,
        0.75566629628,
        0.72587325428,
        0.7412831712800001,
        0.7424725882800001,
        0.7228968382800001,
        0.7432672132800001,
        0.7271330882800001,
        0.7504284212800001,
        0.7614470882800001,
        0.7601684212800001,
        0.7305516722800001,
        0.7349379212800001,
        0.7226245462800001,
        0.7378637132800001,
        0.7555792962800001
      ],
      "exit_codes": [
        0,
        0,
        0,
        0,
        0,
        0,
        0,
        0,
        0,
        0,
        0,
        0,
        0,
        0,
        0,
        0,
        0,
        0,
        0,
        0,
        0,
        0,
        0,
        0,
        0,
        0,
        0,
        0,
        0,
        0,
        0,
        0,
        0,
        0,
        0,
        0,
        0,
        0,
        0,
        0,
        0,
        0,
        0,
        0,
        0,
        0,
        0,
        0,
        0,
        0
      ]
    }
  ]
}
