{
  "results": [
    {
      "command": "./gradlew :recyclerviewscreen:shot:executeScreenshotTests -Precord --debug ",
      "mean": 26.921883675859995,
      "stddev": 8.485199169268745,
      "median": 24.480805347359997,
      "user": 2.9963832999999997,
      "system": 0.7028584999999999,
      "min": 17.24043445236,
      "max": 51.78300324336,
      "times": [
        19.55348966036,
        18.83183103536,
        33.44690053436,
        26.50881036836,
        33.42869903536,
        27.151979951359998,
        33.74382336836,
        18.75433653536,
        44.19326811836,
        35.50416024336,
        20.94810790936,
        19.18630499336,
        20.27487536836,
        34.69803453536,
        19.88428811836,
        17.24043445236,
        28.62441286836,
        18.52813286836,
        19.50780870136,
        28.249795285359998,
        32.45310745136,
        35.83213966036,
        34.30376753536,
        36.65001349336,
        20.42727853536,
        28.542290993359998,
        18.09074032636,
        21.44668315936,
        17.36362461836,
        17.44646061836,
        20.862423618359998,
        18.23126674336,
        19.87551828536,
        33.68034986836,
        34.80652982636,
        18.05871282736,
        37.43555699336,
        19.34193291036,
        36.77423707636,
        37.83398320136,
        35.66142936836,
        19.31532857636,
        31.37176161836,
        33.86500311836,
        18.55920957736,
        51.78300324336,
        33.99162574336,
        19.99835520136,
        21.37955532636,
        22.45280032636
      ],
      "exit_codes": [
        0,
        0,
        0,
        0,
        0,
        0,
        0,
        0,
        0,
        0,
        0,
        0,
        0,
        0,
        0,
        0,
        0,
        0,
        0,
        0,
        0,
        0,
        0,
        0,
        0,
        0,
        0,
        0,
        0,
        0,
        0,
        0,
        0,
        0,
        0,
        0,
        0,
        0,
        0,
        0,
        0,
        0,
        0,
        0,
        0,
        0,
        0,
        0,
        0,
        0
      ]
    }
  ]
}
