{
  "results": [
    {
      "command": "./gradlew :recyclerviewscreen:dropshots:connectedAndroidTest -Pdropshots.record",
      "mean": 29.80992603410001,
      "stddev": 36.33090727581666,
      "median": 21.90594184964,
      "user": 0.6891589599999997,
      "system": 0.0780148,
      "min": 19.80879268264,
      "max": 224.69437022564,
      "times": [
        21.685784474640002,
        22.17021584964,
        23.66817439164,
        21.41823980864,
        21.141529558640002,
        21.94519622464,
        21.866687474640003,
        22.57569222564,
        20.48384589164,
        28.93381234964,
        22.05030226664,
        23.537784307640003,
        22.05391109964,
        29.002844974640002,
        21.84419043364,
        23.464629432640002,
        20.763937600640002,
        20.41458043264,
        27.74403443364,
        20.78344430764,
        21.36506435064,
        23.23662989164,
        28.19214718364,
        184.46184847464,
        224.69437022564,
        20.50987701664,
        21.10666339164,
        21.02022510064,
        21.45697280764,
        20.97318609964,
        20.610010850640002,
        20.69534005764,
        20.07682772564,
        21.492662641640003,
        23.38420222464,
        24.384415016640002,
        24.050955391640002,
        22.98947243264,
        21.11722639164,
        23.85450935064,
        19.80879268264,
        20.846441599640002,
        21.460811850640003,
        22.24307005864,
        25.350613850640002,
        20.978999516640002,
        25.17314084964,
        22.73897934964,
        23.076205182640003,
        21.59780259964
      ],
      "exit_codes": [
        0,
        0,
        0,
        0,
        0,
        0,
        0,
        0,
        0,
        0,
        0,
        0,
        0,
        0,
        0,
        0,
        0,
        0,
        0,
        0,
        0,
        0,
        0,
        0,
        0,
        0,
        0,
        0,
        0,
        0,
        0,
        0,
        0,
        0,
        0,
        0,
        0,
        0,
        0,
        0,
        0,
        0,
        0,
        0,
        0,
        0,
        0,
        0,
        0,
        0
      ]
    }
  ]
}
