{
  "results": [
    {
      "command": "./gradlew :lazycolumnscreen:android-testify:screenshotTest -PscreenshotAnnotation=com.example.road.to.effective.snapshot.testing.testannotations.ComposableTest",
      "mean": 19.990580034180006,
      "stddev": 3.3181294354759734,
      "median": 18.961308005040003,
      "user": 0.7208997399999998,
      "system": 0.08216925999999997,
      "min": 17.80809560954,
      "max": 33.97563560854,
      "times": [
        19.338536942540003,
        18.81938369254,
        18.99042035954,
        18.02887927654,
        18.70125023354,
        18.522862567540002,
        18.45024440154,
        20.07571706754,
        21.84379360954,
        18.723273400540002,
        17.89598481754,
        18.668315567540002,
        19.21194927654,
        17.80809560954,
        18.29242019254,
        18.268781817540003,
        19.83920227554,
        18.170120942540002,
        19.000242650540002,
        19.49744894254,
        19.744888692540002,
        19.47475460954,
        19.821182901540002,
        18.84735052554,
        18.045253067540003,
        18.36484706754,
        19.55750735954,
        17.905673817540002,
        28.87460181754,
        19.987639983540003,
        20.340650483540003,
        33.97563560854,
        30.556614484540003,
        20.49018481754,
        19.34892569254,
        21.406174692540002,
        18.502978317540002,
        18.61673540054,
        18.063125358540002,
        18.37046290054,
        18.381296234540002,
        18.932195650540002,
        18.49660340054,
        18.868688025540003,
        19.291601359540003,
        20.155718608540003,
        28.775916317540002,
        19.877776900540002,
        19.983974276540003,
        18.32311969254
      ],
      "exit_codes": [
        1,
        1,
        1,
        1,
        1,
        1,
        1,
        1,
        1,
        1,
        1,
        1,
        1,
        1,
        1,
        1,
        1,
        1,
        1,
        1,
        1,
        1,
        1,
        1,
        1,
        1,
        1,
        1,
        1,
        1,
        1,
        1,
        1,
        1,
        1,
        1,
        1,
        1,
        1,
        1,
        1,
        1,
        1,
        1,
        1,
        1,
        1,
        1,
        1,
        1
      ]
    }
  ]
}
