{
  "results": [
    {
      "command": "./gradlew :lazycolumnscreen:roborazzi:verifyRoborazziDebug",
      "mean": 17.786652784259996,
      "stddev": 0.6091744003832906,
      "median": 17.53303162062,
      "user": 0.7251165199999999,
      "system": 0.07395962,
      "min": 17.300656142119998,
      "max": 20.243444225119998,
      "times": [
        17.42914476712,
        18.57245864212,
        17.48879189212,
        17.960343766119998,
        20.243444225119998,
        18.08938060012,
        17.62707193412,
        17.471904933119998,
        19.629358058119998,
        19.01303255812,
        17.977330683119998,
        18.00856460012,
        17.42309272512,
        17.40258964212,
        17.39128010012,
        17.40560385012,
        17.46311130812,
        17.52571755812,
        18.056053725119998,
        17.594639308119998,
        18.36390851712,
        17.32897039112,
        17.324635266119998,
        17.45981518412,
        17.45385210012,
        17.51023460012,
        17.300656142119998,
        17.39678097512,
        17.65344960012,
        17.55098751612,
        18.87207372512,
        17.43690805812,
        17.73493593312,
        17.52172010012,
        17.92854897512,
        17.51834326712,
        17.386424725119998,
        18.636226392119998,
        17.59407160012,
        17.40012389212,
        17.47808805812,
        17.556957184119998,
        17.34857301712,
        17.540345683119998,
        18.45739485012,
        17.67939843312,
        17.54039697512,
        17.70159022512,
        17.49739080812,
        17.38692214212
      ],
      "exit_codes": [
        1,
        1,
        1,
        1,
        1,
        1,
        1,
        1,
        1,
        1,
        1,
        1,
        1,
        1,
        1,
        1,
        1,
        1,
        1,
        1,
        1,
        1,
        1,
        1,
        1,
        1,
        1,
        1,
        1,
        1,
        1,
        1,
        1,
        1,
        1,
        1,
        1,
        1,
        1,
        1,
        1,
        1,
        1,
        1,
        1,
        1,
        1,
        1,
        1,
        1
      ]
    }
  ]
}
