{
  "results": [
    {
      "command": "./gradlew :lazycolumnscreen:dropshots:connectedAndroidTest",
      "mean": 30.085940828320005,
      "stddev": 0.9203351996720941,
      "median": 29.91853043046,
      "user": 0.7027254199999998,
      "system": 0.08095410000000001,
      "min": 28.75173734746,
      "max": 32.84984476346,
      "times": [
        30.855141638459997,
        30.46461613946,
        29.70316968146,
        30.25306947246,
        31.939804139459998,
        32.57338251446,
        30.120848347459997,
        30.21880659746,
        29.38742838846,
        29.657313222459997,
        30.15208447246,
        30.78277230646,
        29.65494951446,
        29.542846972459998,
        28.87786509746,
        28.93351463946,
        31.05139897246,
        29.46634084746,
        30.64461605546,
        30.433162388459998,
        29.450446431459998,
        29.79276755546,
        29.692718263459998,
        29.400008389459998,
        30.40965247246,
        31.823775014459997,
        31.044819722459998,
        30.41550913946,
        30.65376530546,
        31.00008609746,
        29.34629868046,
        29.09246622246,
        30.37578363846,
        32.84984476346,
        29.33791480646,
        28.92087913946,
        29.393905806459998,
        31.16831509746,
        29.73931084746,
        30.21065434746,
        28.90715918046,
        30.034661805459997,
        29.11181530546,
        29.46042488946,
        29.80239905546,
        29.78974213946,
        29.27162101446,
        30.28904697246,
        28.75173734746,
        30.046380556459997
      ],
      "exit_codes": [
        1,
        1,
        1,
        1,
        1,
        1,
        1,
        1,
        1,
        1,
        1,
        1,
        1,
        1,
        1,
        1,
        1,
        1,
        1,
        1,
        1,
        1,
        1,
        1,
        1,
        1,
        1,
        1,
        1,
        1,
        1,
        1,
        1,
        1,
        1,
        1,
        1,
        1,
        1,
        1,
        1,
        1,
        1,
        1,
        1,
        1,
        1,
        1,
        1,
        1
      ]
    }
  ]
}
