{
  "results": [
    {
      "command": "./gradlew :lazycolumnscreen:shot:executeScreenshotTests",
      "mean": 22.02963655576,
      "stddev": 1.9167311561626101,
      "median": 21.563193141600003,
      "user": 0.7116783999999999,
      "system": 0.087758,
      "min": 19.1494435166,
      "max": 28.2701337666,
      "times": [
        21.342533891600002,
        20.3530778496,
        27.416903308600002,
        25.3811226836,
        22.3105412666,
        22.2788101836,
        22.6364719336,
        24.358979266600002,
        20.6881700166,
        22.463519183600003,
        22.5122618086,
        23.838292683600002,
        22.1425950996,
        21.4428500166,
        19.1494435166,
        25.568588266600003,
        22.6090111006,
        24.0864486416,
        24.648617224600002,
        19.8383241826,
        22.2259069746,
        22.3896985586,
        23.3041452256,
        20.753126266600002,
        21.5668936416,
        20.4142754336,
        21.4718668916,
        20.4923281416,
        23.6410784756,
        20.6875201416,
        21.6874836416,
        24.0188225576,
        21.1271714326,
        20.5929129336,
        21.3538338496,
        28.2701337666,
        20.4028587666,
        22.2730527246,
        21.5026152666,
        20.136078016600003,
        19.423933349600002,
        20.7653063076,
        20.6676088916,
        21.1517089746,
        19.746687058600003,
        21.559492641600002,
        20.329368557600002,
        20.6429822666,
        21.6633383506,
        22.1530365576
      ],
      "exit_codes": [
        1,
        1,
        1,
        1,
        1,
        1,
        1,
        1,
        1,
        1,
        1,
        1,
        1,
        1,
        1,
        1,
        1,
        1,
        1,
        1,
        1,
        1,
        1,
        1,
        1,
        1,
        1,
        1,
        1,
        1,
        1,
        1,
        1,
        1,
        1,
        1,
        1,
        1,
        1,
        1,
        1,
        1,
        1,
        1,
        1,
        1,
        1,
        1,
        1,
        1
      ]
    }
  ]
}
