{
  "results": [
    {
      "command": "./gradlew :lazycolumnscreen:paparazzi:verifyPaparazziDebug",
      "mean": 5.6637019766800005,
      "stddev": 0.42793585417535696,
      "median": 5.58088134634,
      "user": 0.6869542599999998,
      "system": 0.06545963999999999,
      "min": 5.33433618034,
      "max": 8.013801555339999,
      "times": [
        5.6948554723400004,
        5.67396080534,
        5.62777717934,
        5.45978251334,
        5.86316388834,
        5.756898430340001,
        5.86484397234,
        5.544588972340001,
        5.47092651334,
        5.65181959734,
        5.77027209634,
        5.5842920963400005,
        5.522946221340001,
        5.60976068034,
        5.43415005534,
        5.52820609634,
        5.6624135543400005,
        5.57747059634,
        5.6349020133400005,
        8.013801555339999,
        7.0658334303400006,
        5.863723596340001,
        5.489053971340001,
        5.53156688834,
        5.71509384734,
        5.44291613834,
        5.69366080534,
        6.13177480434,
        5.63607188834,
        5.487820638340001,
        5.44461309634,
        5.7600103883400005,
        5.60635684634,
        5.54223468034,
        5.38747330434,
        5.33762284634,
        5.514145929340001,
        5.47800492934,
        5.69750267934,
        5.64861238834,
        5.40694122134,
        5.503076972340001,
        5.38108097134,
        5.40219368034,
        5.673205347340001,
        5.51089734734,
        5.56577984734,
        5.3638200963400005,
        5.62284176334,
        5.33433618034
      ],
      "exit_codes": [
        1,
        1,
        1,
        1,
        1,
        1,
        1,
        1,
        1,
        1,
        1,
        1,
        1,
        1,
        1,
        1,
        1,
        1,
        1,
        1,
        1,
        1,
        1,
        1,
        1,
        1,
        1,
        1,
        1,
        1,
        1,
        1,
        1,
        1,
        1,
        1,
        1,
        1,
        1,
        1,
        1,
        1,
        1,
        1,
        1,
        1,
        1,
        1,
        1,
        1
      ]
    }
  ]
}
