{
  "results": [
    {
      "command": "./gradlew :recyclerviewscreen:android-testify:screenshotTest --debug ",
      "mean": 21.267475144180004,
      "stddev": 3.285883898582163,
      "median": 20.199566580659997,
      "user": 3.15147042,
      "system": 0.6879689999999999,
      "min": 18.36046553916,
      "max": 38.648960706160004,
      "times": [
        21.71288087316,
        21.45438166416,
        21.005798539159997,
        25.796322789159998,
        38.648960706160004,
        21.532909955159997,
        21.145942247159997,
        20.682689664159998,
        20.010885247159997,
        19.87781345616,
        19.47869066416,
        19.742814498159998,
        19.487871414159997,
        25.61247628916,
        19.925251914159997,
        19.51013137216,
        24.60268862316,
        19.859772956159997,
        21.18004924716,
        19.13323662316,
        26.93667153916,
        19.22146345516,
        20.49030787216,
        21.41343833116,
        20.63330549716,
        24.605669706159997,
        20.196961164159998,
        20.17073845616,
        26.06448420616,
        19.479350998159997,
        20.202171997159997,
        20.76057345616,
        24.20840174816,
        19.596239914159998,
        19.160712705159998,
        19.758902789159997,
        24.829269872159998,
        20.04201899716,
        18.970762998159998,
        19.00950524716,
        20.21766941416,
        18.81513541416,
        19.64076491416,
        19.360204747159997,
        20.28831416416,
        20.97886349816,
        20.877336997159997,
        18.876930330159997,
        18.36046553916,
        19.805552497159997
      ],
      "exit_codes": [
        1,
        1,
        1,
        1,
        1,
        1,
        1,
        1,
        1,
        1,
        1,
        1,
        1,
        1,
        1,
        1,
        1,
        1,
        1,
        1,
        1,
        1,
        1,
        1,
        1,
        1,
        1,
        1,
        1,
        1,
        1,
        1,
        1,
        1,
        1,
        1,
        1,
        1,
        1,
        1,
        1,
        1,
        1,
        1,
        1,
        1,
        1,
        1,
        1,
        1
      ]
    }
  ]
}
