{
  "results": [
    {
      "command": "./gradlew :recyclerviewscreen:roborazzi:verifyRoborazziDebug",
      "mean": 10.06023851422,
      "stddev": 0.21652694343816742,
      "median": 10.00392666274,
      "user": 0.7337297199999999,
      "system": 0.07032909999999998,
      "min": 9.82878766224,
      "max": 11.103456787239999,
      "times": [
        10.17924416224,
        10.62089482924,
        11.103456787239999,
        10.69173124624,
        10.17612612124,
        9.98662166324,
        10.138712912239999,
        10.04991062024,
        10.11955516224,
        10.12978203724,
        9.90691603824,
        9.95062991324,
        9.88785091324,
        9.91521253724,
        10.016794620239999,
        9.98193703724,
        10.157513870239999,
        9.97397807924,
        10.027174454239999,
        9.888344246239999,
        9.93573603724,
        9.95691078724,
        9.95088378724,
        10.00458562124,
        9.93904053724,
        9.93312632924,
        9.82878766224,
        10.147642121239999,
        9.96348995424,
        9.91882620424,
        10.09733328824,
        9.956728329239999,
        10.003267704239999,
        10.02949470424,
        9.97432062124,
        9.92866816224,
        10.11244174624,
        9.94912699524,
        10.220189121239999,
        9.97488528724,
        10.00741078824,
        9.88129266224,
        10.091573371239999,
        9.99607249524,
        10.11371766224,
        10.100068496239999,
        9.98355166324,
        10.01418382924,
        10.01486778724,
        10.08131470424
      ],
      "exit_codes": [
        1,
        1,
        1,
        1,
        1,
        1,
        1,
        1,
        1,
        1,
        1,
        1,
        1,
        1,
        1,
        1,
        1,
        1,
        1,
        1,
        1,
        1,
        1,
        1,
        1,
        1,
        1,
        1,
        1,
        1,
        1,
        1,
        1,
        1,
        1,
        1,
        1,
        1,
        1,
        1,
        1,
        1,
        1,
        1,
        1,
        1,
        1,
        1,
        1,
        1
      ]
    }
  ]
}
