{
  "results": [
    {
      "command": "./gradlew :recyclerviewscreen:paparazzi:verifyPaparazziDebug",
      "mean": 5.993305402460001,
      "stddev": 0.2031473450565447,
      "median": 5.934187870300001,
      "user": 0.7221963799999999,
      "system": 0.062438079999999986,
      "min": 5.8000900798,
      "max": 7.0158699538,
      "times": [
        5.9068615788,
        5.8906332878,
        6.0671634538,
        5.9772834958,
        5.951213578800001,
        5.8000900798,
        5.8684779128,
        5.9169729538,
        5.800151495800001,
        5.8549552048,
        5.893748412800001,
        5.8883254128,
        5.8178206208,
        5.8604924548,
        5.9950571208,
        5.8325174958,
        5.863729370800001,
        5.8289165788,
        6.036116536800001,
        5.8316890788,
        5.8575725378,
        5.964746162800001,
        5.948645620800001,
        6.1258535798,
        5.9822995378,
        5.8226817868000005,
        6.147303578800001,
        6.0160677878,
        7.0158699538,
        6.4252666208,
        5.9159038708,
        6.2356164538000005,
        5.940280828800001,
        5.850151412800001,
        6.2002577038,
        6.2348842038,
        5.8861915798,
        6.083788370800001,
        5.928094911800001,
        5.8796731618,
        6.2026467878,
        6.0150794128000005,
        6.204158453800001,
        6.140937328800001,
        5.971302870800001,
        6.1368876628,
        5.9645595788,
        5.853223912800001,
        5.909810703800001,
        5.9232976208000006
      ],
      "exit_codes": [
        1,
        1,
        1,
        1,
        1,
        1,
        1,
        1,
        1,
        1,
        1,
        1,
        1,
        1,
        1,
        1,
        1,
        1,
        1,
        1,
        1,
        1,
        1,
        1,
        1,
        1,
        1,
        1,
        1,
        1,
        1,
        1,
        1,
        1,
        1,
        1,
        1,
        1,
        1,
        1,
        1,
        1,
        1,
        1,
        1,
        1,
        1,
        1,
        1,
        1
      ]
    }
  ]
}
