{
  "results": [
    {
      "command": "./gradlew :recyclerviewscreen:dropshots:connectedAndroidTest",
      "mean": 23.563291704999994,
      "stddev": 1.7278732903356044,
      "median": 23.09081765764,
      "user": 0.6827039399999998,
      "system": 0.07203742,
      "min": 21.485379469639998,
      "max": 29.25481438664,
      "times": [
        23.17649376164,
        22.52713605364,
        23.44401242864,
        29.25481438664,
        22.15195888664,
        22.65118784464,
        22.72601296964,
        22.41661538664,
        25.47411059464,
        22.38884263664,
        22.13781005264,
        22.40903759464,
        25.29207959564,
        24.81976563664,
        25.24336830264,
        24.13501542864,
        23.51530755364,
        22.20992655364,
        23.12223217864,
        21.485379469639998,
        25.03181421964,
        22.47696921964,
        27.83295909564,
        23.19963721964,
        27.88200509464,
        22.99871376164,
        23.23391971964,
        22.80483967764,
        22.06326784564,
        22.57541834464,
        22.05242388664,
        21.52540251164,
        23.20200896964,
        22.68275496964,
        23.07694213664,
        23.75276459564,
        22.57357096964,
        23.72699672064,
        22.08611380364,
        22.78723130364,
        24.19861380364,
        28.38308572064,
        23.935199053639998,
        23.45615721964,
        23.104693178639998,
        25.00416638664,
        22.37351226164,
        22.81358538664,
        22.580467720639998,
        24.16824313664
      ],
      "exit_codes": [
        1,
        1,
        1,
        1,
        1,
        1,
        1,
        1,
        1,
        1,
        1,
        1,
        1,
        1,
        1,
        1,
        1,
        1,
        1,
        1,
        1,
        1,
        1,
        1,
        1,
        1,
        1,
        1,
        1,
        1,
        1,
        1,
        1,
        1,
        1,
        1,
        1,
        1,
        1,
        1,
        1,
        1,
        1,
        1,
        1,
        1,
        1,
        1,
        1,
        1
      ]
    }
  ]
}
