{
  "results": [
    {
      "command": "./gradlew :recyclerviewscreen:shot:executeScreenshotTest --debug ",
      "mean": 23.383348277560007,
      "stddev": 1.5674212045597626,
      "median": 22.960272643419998,
      "user": 3.0482669799999997,
      "system": 0.6765162800000002,
      "min": 20.87239401842,
      "max": 27.12216651842,
      "times": [
        22.94621351842,
        22.88921780942,
        24.38631939342,
        22.16231814342,
        24.07742006042,
        20.87239401842,
        24.66491826842,
        22.20161047642,
        21.33309868442,
        22.04184872642,
        22.16958622642,
        23.85814868542,
        24.20498060142,
        22.18239051842,
        25.15003289342,
        26.43898539342,
        22.65775889342,
        24.85092843542,
        21.98734535242,
        26.33266068542,
        21.89897172742,
        21.60599226842,
        23.21335914342,
        24.68373101842,
        21.057781060419998,
        24.11656868442,
        22.97433176842,
        23.41002785142,
        22.61711793542,
        22.28915960142,
        21.04230847742,
        25.65369839342,
        22.36766701842,
        22.58035022642,
        26.29467439342,
        22.62872339342,
        25.53662564342,
        24.84204764342,
        23.48766339342,
        24.37804851842,
        24.27037981042,
        22.47319022642,
        25.23663722642,
        22.13255547742,
        23.98025735142,
        22.30121939342,
        22.55967072642,
        21.16659960142,
        27.12216651842,
        23.83771260142
      ],
      "exit_codes": [
        1,
        1,
        1,
        1,
        1,
        1,
        1,
        1,
        1,
        1,
        1,
        1,
        1,
        1,
        1,
        1,
        1,
        1,
        1,
        1,
        1,
        1,
        1,
        1,
        1,
        1,
        1,
        1,
        1,
        1,
        1,
        1,
        1,
        1,
        1,
        1,
        1,
        1,
        1,
        1,
        1,
        1,
        1,
        1,
        1,
        1,
        1,
        1,
        1,
        1
      ]
    }
  ]
}
